﻿<?xml version="1.0" encoding="utf-8"?>
<root>
  <O555624>
    <Name>GATE_YELLOW</Name>
    <Package>237</Package>
    <PackId>3</PackId>
    <ItemId>0</ItemId>
    <Dat2>0</Dat2>
    <Color>106,225,180,255</Color>
    <Rotation>NORTH</Rotation>
    <Level>Integral</Level>
    <AssetReferences>
      <A537039>Model</A537039>
      <A787057>Texture</A787057>
    </AssetReferences>
  </O555624>
  <O159161>
    <Name>GATE_BLUE</Name>
    <Package>245</Package>
    <PackId>3</PackId>
    <ItemId>0</ItemId>
    <Dat2>0</Dat2>
    <Color>0,0,205,255</Color>
    <Rotation>NORTH</Rotation>
    <Level>Integral</Level>
    <Parameters>
      <Parameter>
        <Name>Prefab</Name>
        <Value>Gate</Value>
      </Parameter>
      <Parameter>
        <Name>Color</Name>
        <Value>BLUE</Value>
      </Parameter>
      <Parameter>
        <Name>uScale</Name>
        <Value>1.7</Value>
      </Parameter>
    </Parameters>
    <AssetReferences>
      <A537039>Model</A537039>
      <A477914>Texture</A477914>
    </AssetReferences>
  </O159161>
  <O910101>
    <Name>GATE_AQUA</Name>
    <Package>241</Package>
    <PackId>3</PackId>
    <ItemId>0</ItemId>
    <Dat2>0</Dat2>
    <Color>127,255,212,255</Color>
    <Rotation>NORTH</Rotation>
    <Level>Integral</Level>
    <Parameters>
      <Parameter>
        <Name>Prefab</Name>
        <Value>Gate</Value>
      </Parameter>
      <Parameter>
        <Name>Color</Name>
        <Value>AQUA</Value>
      </Parameter>
      <Parameter>
        <Name>uScale</Name>
        <Value>1.7</Value>
      </Parameter>
    </Parameters>
    <AssetReferences>
      <A537039>Model</A537039>
      <A265537>Texture</A265537>
    </AssetReferences>
  </O910101>
  <O931189>
    <Name>GATE_GREEN</Name>
    <Package>239</Package>
    <PackId>3</PackId>
    <ItemId>0</ItemId>
    <Dat2>0</Dat2>
    <Color>84,186,3,255</Color>
    <Rotation>NORTH</Rotation>
    <Level>Integral</Level>
    <Parameters>
      <Parameter>
        <Name>Prefab</Name>
        <Value>Gate</Value>
      </Parameter>
      <Parameter>
        <Name>Color</Name>
        <Value>GREEN</Value>
      </Parameter>
      <Parameter>
        <Name>uScale</Name>
        <Value>1.7</Value>
      </Parameter>
    </Parameters>
    <AssetReferences>
      <A537039>Model</A537039>
      <A985720>Texture</A985720>
    </AssetReferences>
  </O931189>
  <O722153>
    <Name>GATE_WHITE</Name>
    <Package>247</Package>
    <PackId>3</PackId>
    <ItemId>0</ItemId>
    <Dat2>0</Dat2>
    <Color>240,248,255,255</Color>
    <Rotation>NORTH</Rotation>
    <Level>Integral</Level>
    <Parameters>
      <Parameter>
        <Name>Prefab</Name>
        <Value>Gate</Value>
      </Parameter>
      <Parameter>
        <Name>Color</Name>
        <Value>WHITE</Value>
      </Parameter>
      <Parameter>
        <Name>uScale</Name>
        <Value>1.7</Value>
      </Parameter>
    </Parameters>
    <AssetReferences>
      <A537039>Model</A537039>
      <A814012>Texture</A814012>
    </AssetReferences>
  </O722153>
  <O571112>
    <Name>GATE_RED</Name>
    <Package>243</Package>
    <PackId>3</PackId>
    <ItemId>0</ItemId>
    <Dat2>0</Dat2>
    <Color>255,0,0,255</Color>
    <Rotation>NORTH</Rotation>
    <Level>Integral</Level>
    <Parameters>
      <Parameter>
        <Name>Prefab</Name>
        <Value>Gate</Value>
      </Parameter>
      <Parameter>
        <Name>uScale</Name>
        <Value>1.7</Value>
      </Parameter>
      <Parameter>
        <Name>Color</Name>
        <Value>RED</Value>
      </Parameter>
    </Parameters>
    <AssetReferences>
      <A537039>Model</A537039>
      <A703745>Texture</A703745>
    </AssetReferences>
  </O571112>
  <O521016>
    <Name>GATE_PURPLE</Name>
    <Package>235</Package>
    <PackId>3</PackId>
    <ItemId>0</ItemId>
    <Dat2>0</Dat2>
    <Color>153,50,204,255</Color>
    <Rotation>NORTH</Rotation>
    <Level>Integral</Level>
    <Parameters>
      <Parameter>
        <Name>Prefab</Name>
        <Value>Gate</Value>
      </Parameter>
      <Parameter>
        <Name>Color</Name>
        <Value>PURPLE</Value>
      </Parameter>
      <Parameter>
        <Name>uScale</Name>
        <Value>1.7</Value>
      </Parameter>
    </Parameters>
    <AssetReferences>
      <A537039>Model</A537039>
      <A396071>Texture</A396071>
    </AssetReferences>
  </O521016>
  <O885792>
    <Name>TOWNHOUSE_GRAY</Name>
    <Package>0</Package>
    <PackId>0</PackId>
    <ItemId>62</ItemId>
    <Dat2>0</Dat2>
    <Color>112,128,144,255</Color>
    <Rotation>NORTH</Rotation>
    <Level>Decoration</Level>
    <Parameters>
      <Parameter>
        <Name>Templater</Name>
        <Value>HOUSE</Value>
      </Parameter>
      <Parameter>
        <Name>AllowMotion</Name>
        <Value>true</Value>
      </Parameter>
    </Parameters>
    <AssetReferences>
      <A977911>Model</A977911>
      <A894790>Texture</A894790>
    </AssetReferences>
  </O885792>
  <O790415>
    <Name>TOWNHOUSE_RED</Name>
    <Package>0</Package>
    <PackId>0</PackId>
    <ItemId>63</ItemId>
    <Dat2>0</Dat2>
    <Color>255,0,0,255</Color>
    <Rotation>NORTH</Rotation>
    <Level>Decoration</Level>
    <Parameters>
      <Parameter>
        <Name>Templater</Name>
        <Value>HOUSE</Value>
      </Parameter>
      <Parameter>
        <Name>AllowMotion</Name>
        <Value>true</Value>
      </Parameter>
    </Parameters>
    <AssetReferences>
      <A461140>Model</A461140>
      <A422813>Texture</A422813>
    </AssetReferences>
  </O790415>
  <O11037>
    <Name>TOWNHOUSE_YELLOW</Name>
    <Package>0</Package>
    <PackId>0</PackId>
    <ItemId>64</ItemId>
    <Dat2>0</Dat2>
    <Color>255,255,0,255</Color>
    <Rotation>NORTH</Rotation>
    <Level>Decoration</Level>
    <Parameters>
      <Parameter>
        <Name>Templater</Name>
        <Value>HOUSE</Value>
      </Parameter>
      <Parameter>
        <Name>AllowMotion</Name>
        <Value>true</Value>
      </Parameter>
    </Parameters>
    <AssetReferences>
      <A530309>Model</A530309>
      <A517043>Texture</A517043>
    </AssetReferences>
  </O11037>
  <O841627>
    <Name>TOWNHOUSE_SHORT</Name>
    <Package>0</Package>
    <PackId>0</PackId>
    <ItemId>60</ItemId>
    <Dat2>0</Dat2>
    <Color>5,1,34,255</Color>
    <Rotation>NORTH</Rotation>
    <Level>Decoration</Level>
    <Parameters>
      <Parameter>
        <Name>ApplyTemplater</Name>
        <Value>HOUSE</Value>
      </Parameter>
      <Parameter>
        <Name>uScale</Name>
        <Value>.2</Value>
      </Parameter>
      <Parameter>
        <Name>ScaleY</Name>
        <Value>.15</Value>
      </Parameter>
    </Parameters>
    <AssetReferences />
  </O841627>
  <O190966>
    <Name>NULL</Name>
    <Package>0</Package>
    <PackId>0</PackId>
    <ItemId>0</ItemId>
    <Dat2>0</Dat2>
    <Color>112,128,144,255</Color>
    <Rotation>NORTH</Rotation>
    <Level>Integral</Level>
    <AssetReferences />
  </O190966>
  <O140872>
    <Name>TOWNHOUSE_SOUTH</Name>
    <Package>0</Package>
    <PackId>0</PackId>
    <ItemId>58</ItemId>
    <Dat2>0</Dat2>
    <Color>144,231,117,255</Color>
    <Rotation>SOUTH</Rotation>
    <Level>Decoration</Level>
    <Parameters>
      <Parameter>
        <Name>ApplyTemplater</Name>
        <Value>HOUSE</Value>
      </Parameter>
      <Parameter>
        <Name>uScale</Name>
        <Value>.2</Value>
      </Parameter>
    </Parameters>
    <AssetReferences />
  </O140872>
  <O785204>
    <Name>TOWNHOUSE_SLIM</Name>
    <Package>0</Package>
    <PackId>0</PackId>
    <ItemId>65</ItemId>
    <Dat2>0</Dat2>
    <Color>5,1,34,255</Color>
    <Rotation>NORTH</Rotation>
    <Level>Decoration</Level>
    <Parameters>
      <Parameter>
        <Name>Templater</Name>
        <Value>HOUSE</Value>
      </Parameter>
      <Parameter>
        <Name>AllowMotion</Name>
        <Value>true</Value>
      </Parameter>
    </Parameters>
    <AssetReferences />
  </O785204>
  <O967963>
    <Name>TOWNHOUSE_EAST</Name>
    <Package>0</Package>
    <PackId>0</PackId>
    <ItemId>61</ItemId>
    <Dat2>0</Dat2>
    <Color>186,85,211,255</Color>
    <Rotation>EAST</Rotation>
    <Level>Decoration</Level>
    <Parameters>
      <Parameter>
        <Name>ApplyTemplater</Name>
        <Value>HOUSE</Value>
      </Parameter>
      <Parameter>
        <Name>uScale</Name>
        <Value>.2</Value>
      </Parameter>
    </Parameters>
    <AssetReferences />
  </O967963>
  <O971367>
    <Name>TOWNHOUSE_WEST</Name>
    <Package>0</Package>
    <PackId>0</PackId>
    <ItemId>59</ItemId>
    <Dat2>0</Dat2>
    <Color>10,78,36,255</Color>
    <Rotation>WEST</Rotation>
    <Level>Decoration</Level>
    <Parameters>
      <Parameter>
        <Name>ApplyTemplater</Name>
        <Value>HOUSE</Value>
      </Parameter>
      <Parameter>
        <Name>uScale</Name>
        <Value>.2</Value>
      </Parameter>
    </Parameters>
    <AssetReferences />
  </O971367>
  <O319375>
    <Name>CIRCLE_BUTTON_WHITE</Name>
    <Package>101</Package>
    <PackId>4</PackId>
    <ItemId>0</ItemId>
    <Dat2>0</Dat2>
    <Color>169,169,169,255</Color>
    <Rotation>NORTH</Rotation>
    <Level>Integral</Level>
    <Parameters>
      <Parameter>
        <Name>Prefab</Name>
        <Value>Circle Button</Value>
      </Parameter>
      <Parameter>
        <Name>Button Color</Name>
        <Value>WHITE</Value>
      </Parameter>
    </Parameters>
    <AssetReferences>
      <A867523>Sound</A867523>
    </AssetReferences>
  </O319375>
  <O219432>
    <Name>WALL_LOW</Name>
    <Package>200</Package>
    <PackId>0</PackId>
    <ItemId>0</ItemId>
    <Dat2>0</Dat2>
    <Color>100,149,237,255</Color>
    <Rotation>NORTH</Rotation>
    <Level>Integral</Level>
    <Parameters>
      <Parameter>
        <Name>WALL</Name>
        <Value>Low</Value>
      </Parameter>
    </Parameters>
    <AssetReferences>
      <A180541>Texture</A180541>
      <A304393>Texture</A304393>
      <A933026>Texture</A933026>
      <A269924>Texture</A269924>
      <A84407>Texture</A84407>
      <A548980>Texture</A548980>
      <A617411>Texture</A617411>
      <A772976>Texture</A772976>
      <A923829>Texture</A923829>
      <A49051>Texture</A49051>
    </AssetReferences>
  </O219432>
  <O704805>
    <Name>SAND</Name>
    <Package>100</Package>
    <PackId>0</PackId>
    <ItemId>0</ItemId>
    <Dat2>0</Dat2>
    <Color>244,209,63,255</Color>
    <Rotation>NORTH</Rotation>
    <Level>Integral</Level>
    <Parameters>
      <Parameter>
        <Name>FLOOR</Name>
        <Value>true</Value>
      </Parameter>
      <Parameter>
        <Name>Tex_Context_1</Name>
        <Value>0</Value>
      </Parameter>
      <Parameter>
        <Name>Tex_Context_2</Name>
        <Value>1</Value>
      </Parameter>
      <Parameter>
        <Name>Tex_Context_3</Name>
        <Value>2</Value>
      </Parameter>
      <Parameter>
        <Name>Tex_Context_4</Name>
        <Value>3</Value>
      </Parameter>
    </Parameters>
    <AssetReferences>
      <A63238>Texture</A63238>
      <A188410>Texture</A188410>
      <A79677>Texture</A79677>
      <A77153>Texture</A77153>
    </AssetReferences>
  </O704805>
  <O62616>
    <Name>RESERVED</Name>
    <Package>104</Package>
    <PackId>0</PackId>
    <ItemId>0</ItemId>
    <Dat2>0</Dat2>
    <Color>49,100,184,255</Color>
    <Rotation>NORTH</Rotation>
    <Level>Integral</Level>
    <Parameters>
      <Parameter>
        <Name>FLOOR</Name>
        <Value>true</Value>
      </Parameter>
      <Parameter>
        <Name>AllowMotion</Name>
        <Value>false</Value>
      </Parameter>
    </Parameters>
    <AssetReferences>
      <A79802>Texture</A79802>
    </AssetReferences>
  </O62616>
  <O714060>
    <Name>SPROUT_1</Name>
    <Package>120</Package>
    <PackId>5</PackId>
    <ItemId>0</ItemId>
    <Dat2>0</Dat2>
    <Color>223,63,181,255</Color>
    <Rotation>NORTH</Rotation>
    <Level>Integral</Level>
    <AssetReferences>
      <A94528>Model</A94528>
      <A519435>Texture</A519435>
      <A186068>Sound</A186068>
    </AssetReferences>
  </O714060>
  <O170254>
    <Name>SPROUT_2</Name>
    <Package>121</Package>
    <PackId>5</PackId>
    <ItemId>0</ItemId>
    <Dat2>0</Dat2>
    <Color>161,120,154,255</Color>
    <Rotation>NORTH</Rotation>
    <Level>Integral</Level>
    <AssetReferences>
      <A94528>Model</A94528>
      <A519435>Texture</A519435>
      <A186068>Sound</A186068>
    </AssetReferences>
  </O170254>
  <O245554>
    <Name>SPROUT_3</Name>
    <Package>122</Package>
    <PackId>5</PackId>
    <ItemId>0</ItemId>
    <Dat2>0</Dat2>
    <Color>153,50,204,255</Color>
    <Rotation>NORTH</Rotation>
    <Level>Integral</Level>
    <AssetReferences>
      <A94528>Model</A94528>
      <A519435>Texture</A519435>
      <A186068>Sound</A186068>
    </AssetReferences>
  </O245554>
  <O844664>
    <Name>SPROUT_4</Name>
    <Package>123</Package>
    <PackId>5</PackId>
    <ItemId>0</ItemId>
    <Dat2>0</Dat2>
    <Color>223,63,181,255</Color>
    <Rotation>NORTH</Rotation>
    <Level>Integral</Level>
    <AssetReferences>
      <A94528>Model</A94528>
      <A519435>Texture</A519435>
      <A186068>Sound</A186068>
    </AssetReferences>
  </O844664>
  <O106005>
    <Name>WALL_MID</Name>
    <Package>202</Package>
    <PackId>0</PackId>
    <ItemId>0</ItemId>
    <Dat2>0</Dat2>
    <Color>30,144,255,255</Color>
    <Rotation>NORTH</Rotation>
    <Level>Integral</Level>
    <Parameters>
      <Parameter>
        <Name>WALL</Name>
        <Value>Medium</Value>
      </Parameter>
    </Parameters>
    <AssetReferences>
      <A180541>Texture</A180541>
      <A304393>Texture</A304393>
      <A933026>Texture</A933026>
      <A269924>Texture</A269924>
      <A84407>Texture</A84407>
      <A548980>Texture</A548980>
      <A617411>Texture</A617411>
      <A772976>Texture</A772976>
      <A923829>Texture</A923829>
      <A49051>Texture</A49051>
    </AssetReferences>
  </O106005>
  <O285390>
    <Name>WALL_HIGH</Name>
    <Package>203</Package>
    <PackId>0</PackId>
    <ItemId>0</ItemId>
    <Dat2>0</Dat2>
    <Color>55,131,188,255</Color>
    <Rotation>NORTH</Rotation>
    <Level>Integral</Level>
    <Parameters>
      <Parameter>
        <Name>WALL</Name>
        <Value>High</Value>
      </Parameter>
    </Parameters>
    <AssetReferences>
      <A180541>Texture</A180541>
      <A304393>Texture</A304393>
      <A933026>Texture</A933026>
      <A269924>Texture</A269924>
      <A84407>Texture</A84407>
      <A548980>Texture</A548980>
      <A617411>Texture</A617411>
      <A772976>Texture</A772976>
      <A923829>Texture</A923829>
      <A49051>Texture</A49051>
    </AssetReferences>
  </O285390>
  <O307691>
    <Name>STREAM_E</Name>
    <Package>245</Package>
    <PackId>1</PackId>
    <ItemId>0</ItemId>
    <Dat2>0</Dat2>
    <Color>182,144,243,255</Color>
    <Rotation>EAST</Rotation>
    <Level>Integral</Level>
    <Parameters>
      <Parameter>
        <Name>Prefab</Name>
        <Value>Jetstream</Value>
      </Parameter>
      <Parameter>
        <Name>FillTexture</Name>
        <Value>0</Value>
      </Parameter>
      <Parameter>
        <Name>TransparentColor</Name>
        <Value>0,0,0</Value>
      </Parameter>
      <Parameter>
        <Name>Bully_Ignore</Name>
        <Value>true</Value>
      </Parameter>
    </Parameters>
    <AssetReferences>
      <A368615>Texture</A368615>
      <A805680>Sound</A805680>
    </AssetReferences>
  </O307691>
  <O418897>
    <Name>STREAM_S</Name>
    <Package>246</Package>
    <PackId>1</PackId>
    <ItemId>0</ItemId>
    <Dat2>0</Dat2>
    <Color>179,208,204,255</Color>
    <Rotation>SOUTH</Rotation>
    <Level>Integral</Level>
    <Parameters>
      <Parameter>
        <Name>TransparentColor</Name>
        <Value>0,0,0</Value>
      </Parameter>
      <Parameter>
        <Name>FillTexture</Name>
        <Value>0</Value>
      </Parameter>
      <Parameter>
        <Name>Prefab</Name>
        <Value>Jetstream</Value>
      </Parameter>
    </Parameters>
    <AssetReferences>
      <A368615>Texture</A368615>
      <A805680>Sound</A805680>
    </AssetReferences>
  </O418897>
  <O83202>
    <Name>WATER_GOO_LAGOON</Name>
    <Package>44</Package>
    <PackId>1</PackId>
    <ItemId>0</ItemId>
    <Dat2>0</Dat2>
    <Color>36,172,99,255</Color>
    <Rotation>NORTH</Rotation>
    <Level>Integral</Level>
    <Parameters>
      <Parameter>
        <Name>Prefab</Name>
        <Value>Water</Value>
      </Parameter>
      <Parameter>
        <Name>PosY</Name>
        <Value>-3.0</Value>
      </Parameter>
    </Parameters>
    <AssetReferences>
      <A675322>Texture</A675322>
      <A900021>Sound</A900021>
      <A25181>Sound</A25181>
    </AssetReferences>
  </O83202>
  <O842172>
    <Name>BIKINI_WATER</Name>
    <Package>45</Package>
    <PackId>1</PackId>
    <ItemId>0</ItemId>
    <Dat2>0</Dat2>
    <Color>107,169,110,255</Color>
    <Rotation>NORTH</Rotation>
    <Level>Integral</Level>
    <Parameters>
      <Parameter>
        <Name>Prefab</Name>
        <Value>Water</Value>
      </Parameter>
      <Parameter>
        <Name>PosY</Name>
        <Value>-3.0</Value>
      </Parameter>
      <Parameter>
        <Name>FillTexture</Name>
        <Value>0</Value>
      </Parameter>
    </Parameters>
    <AssetReferences>
      <A50306>Texture</A50306>
      <A900021>Sound</A900021>
      <A25181>Sound</A25181>
    </AssetReferences>
  </O842172>
  <O492444>
    <Name>STREAM_N</Name>
    <Package>244</Package>
    <PackId>1</PackId>
    <ItemId>0</ItemId>
    <Dat2>0</Dat2>
    <Color>255,20,147,255</Color>
    <Rotation>NORTH</Rotation>
    <Level>Integral</Level>
    <Parameters>
      <Parameter>
        <Name>Prefab</Name>
        <Value>Jetstream</Value>
      </Parameter>
      <Parameter>
        <Name>FillTexture</Name>
        <Value>0</Value>
      </Parameter>
      <Parameter>
        <Name>Material</Name>
        <Value>JetstreamMaterial</Value>
      </Parameter>
      <Parameter>
        <Name>TransparentColor</Name>
        <Value>0,0,0</Value>
      </Parameter>
      <Parameter>
        <Name>Bully_Ignore</Name>
        <Value>true</Value>
      </Parameter>
    </Parameters>
    <AssetReferences>
      <A368615>Texture</A368615>
      <A805680>Sound</A805680>
    </AssetReferences>
  </O492444>
  <O185883>
    <Name>FALSE_WALL_LOW</Name>
    <Package>220</Package>
    <PackId>5</PackId>
    <ItemId>0</ItemId>
    <Dat2>0</Dat2>
    <Color>181,24,78,255</Color>
    <Rotation>NORTH</Rotation>
    <Level>Integral</Level>
    <Parameters>
      <Parameter>
        <Name>WALL</Name>
        <Value>Low</Value>
      </Parameter>
      <Parameter>
        <Name>AllowMotion</Name>
        <Value>true</Value>
      </Parameter>
    </Parameters>
    <AssetReferences />
  </O185883>
  <O395001>
    <Name>BUTTON_SQUARE_PURPLE</Name>
    <Package>82</Package>
    <PackId>4</PackId>
    <ItemId>0</ItemId>
    <Dat2>0</Dat2>
    <Color>153,50,204,255</Color>
    <Rotation>NORTH</Rotation>
    <Level>Integral</Level>
    <Parameters>
      <Parameter>
        <Name>Prefab</Name>
        <Value>Square Button</Value>
      </Parameter>
      <Parameter>
        <Name>Button Color</Name>
        <Value>PURPLE</Value>
      </Parameter>
    </Parameters>
    <AssetReferences>
      <A867523>Sound</A867523>
    </AssetReferences>
  </O395001>
  <O374697>
    <Name>BUTTON_SQUARE_YELLOW</Name>
    <Package>85</Package>
    <PackId>4</PackId>
    <ItemId>0</ItemId>
    <Dat2>0</Dat2>
    <Color>255,255,0,255</Color>
    <Rotation>NORTH</Rotation>
    <Level>Integral</Level>
    <Parameters>
      <Parameter>
        <Name>Prefab</Name>
        <Value>Square Button</Value>
      </Parameter>
      <Parameter>
        <Name>Button Color</Name>
        <Value>YELLOW</Value>
      </Parameter>
    </Parameters>
    <AssetReferences>
      <A867523>Sound</A867523>
    </AssetReferences>
  </O374697>
  <O201429>
    <Name>BUTTON_SQUARE_GREEN</Name>
    <Package>88</Package>
    <PackId>4</PackId>
    <ItemId>0</ItemId>
    <Dat2>0</Dat2>
    <Color>60,179,113,255</Color>
    <Rotation>NORTH</Rotation>
    <Level>Integral</Level>
    <Parameters>
      <Parameter>
        <Name>Prefab</Name>
        <Value>Square Button</Value>
      </Parameter>
      <Parameter>
        <Name>Button Color</Name>
        <Value>GREEN</Value>
      </Parameter>
    </Parameters>
    <AssetReferences>
      <A867523>Sound</A867523>
    </AssetReferences>
  </O201429>
  <O723891>
    <Name>FALSE_WALL_MID</Name>
    <Package>221</Package>
    <PackId>5</PackId>
    <ItemId>0</ItemId>
    <Dat2>0</Dat2>
    <Color>112,213,177,255</Color>
    <Rotation>NORTH</Rotation>
    <Level>Integral</Level>
    <Parameters>
      <Parameter>
        <Name>WALL</Name>
        <Value>Medium</Value>
      </Parameter>
      <Parameter>
        <Name>AllowMotion</Name>
        <Value>true</Value>
      </Parameter>
    </Parameters>
    <AssetReferences />
  </O723891>
  <O424919>
    <Name>STREAM_W</Name>
    <Package>247</Package>
    <PackId>1</PackId>
    <ItemId>0</ItemId>
    <Dat2>0</Dat2>
    <Color>255,20,147,255</Color>
    <Rotation>WEST</Rotation>
    <Level>Integral</Level>
    <Parameters>
      <Parameter>
        <Name>Prefab</Name>
        <Value>Jetstream</Value>
      </Parameter>
      <Parameter>
        <Name>FillTexture</Name>
        <Value>0</Value>
      </Parameter>
      <Parameter>
        <Name>Material</Name>
        <Value>JetstreamMaterial</Value>
      </Parameter>
      <Parameter>
        <Name>TransparentColor</Name>
        <Value>0,0,0</Value>
      </Parameter>
      <Parameter>
        <Name>Bully_Ignore</Name>
        <Value>true</Value>
      </Parameter>
    </Parameters>
    <AssetReferences>
      <A368615>Texture</A368615>
      <A805680>Sound</A805680>
    </AssetReferences>
  </O424919>
  <O775265>
    <Name>BUTTON_SQUARE_AQUA</Name>
    <Package>91</Package>
    <PackId>4</PackId>
    <ItemId>0</ItemId>
    <Dat2>0</Dat2>
    <Color>0,255,255,255</Color>
    <Rotation>NORTH</Rotation>
    <Level>Integral</Level>
    <Parameters>
      <Parameter>
        <Name>Prefab</Name>
        <Value>Square Button</Value>
      </Parameter>
      <Parameter>
        <Name>Button Color</Name>
        <Value>AQUA</Value>
      </Parameter>
    </Parameters>
    <AssetReferences>
      <A867523>Sound</A867523>
    </AssetReferences>
  </O775265>
  <O927556>
    <Name>BUTTON_SQUARE_RED</Name>
    <Package>94</Package>
    <PackId>4</PackId>
    <ItemId>0</ItemId>
    <Dat2>0</Dat2>
    <Color>165,42,42,255</Color>
    <Rotation>NORTH</Rotation>
    <Level>Integral</Level>
    <Parameters>
      <Parameter>
        <Name>Prefab</Name>
        <Value>Square Button</Value>
      </Parameter>
      <Parameter>
        <Name>Button Color</Name>
        <Value>RED</Value>
      </Parameter>
    </Parameters>
    <AssetReferences>
      <A867523>Sound</A867523>
    </AssetReferences>
  </O927556>
  <O824671>
    <Name>BUTTON_SQUARE_BLUE</Name>
    <Package>97</Package>
    <PackId>4</PackId>
    <ItemId>0</ItemId>
    <Dat2>0</Dat2>
    <Color>0,0,255,255</Color>
    <Rotation>NORTH</Rotation>
    <Level>Integral</Level>
    <Parameters>
      <Parameter>
        <Name>Prefab</Name>
        <Value>Square Button</Value>
      </Parameter>
      <Parameter>
        <Name>Button Color</Name>
        <Value>BLUE</Value>
      </Parameter>
    </Parameters>
    <AssetReferences>
      <A867523>Sound</A867523>
    </AssetReferences>
  </O824671>
  <O299869>
    <Name>FALSE_WALL_HIGH</Name>
    <Package>222</Package>
    <PackId>5</PackId>
    <ItemId>0</ItemId>
    <Dat2>0</Dat2>
    <Color>255,127,80,255</Color>
    <Rotation>NORTH</Rotation>
    <Level>Integral</Level>
    <Parameters>
      <Parameter>
        <Name>AllowMotion</Name>
        <Value>true</Value>
      </Parameter>
      <Parameter>
        <Name>WALL</Name>
        <Value>High</Value>
      </Parameter>
    </Parameters>
    <AssetReferences />
  </O299869>
  <O649974>
    <Name>BUTTON_SQUARE_WHITE</Name>
    <Package>100</Package>
    <PackId>4</PackId>
    <ItemId>0</ItemId>
    <Dat2>0</Dat2>
    <Color>240,248,255,255</Color>
    <Rotation>NORTH</Rotation>
    <Level>Integral</Level>
    <Parameters>
      <Parameter>
        <Name>Prefab</Name>
        <Value>Square Button</Value>
      </Parameter>
      <Parameter>
        <Name>Button Color</Name>
        <Value>WHITE</Value>
      </Parameter>
    </Parameters>
    <AssetReferences>
      <A867523>Sound</A867523>
    </AssetReferences>
  </O649974>
  <O542113>
    <Name>RAFTED_WATER</Name>
    <Package>88</Package>
    <PackId>2</PackId>
    <ItemId>0</ItemId>
    <Dat2>0</Dat2>
    <Color>139,69,19,255</Color>
    <Rotation>NORTH</Rotation>
    <Level>Integral</Level>
    <Parameters>
      <Parameter>
        <Name>Prefab</Name>
        <Value>CoveredWater</Value>
      </Parameter>
      <Parameter>
        <Name>AllowMotion</Name>
        <Value>true</Value>
      </Parameter>
    </Parameters>
    <AssetReferences>
      <A372823>Texture</A372823>
      <A25181>Sound</A25181>
    </AssetReferences>
  </O542113>
  <O89268>
    <Name>GATE_WHITE</Name>
    <Package>246</Package>
    <PackId>3</PackId>
    <ItemId>0</ItemId>
    <Dat2>0</Dat2>
    <Color>240,248,255,255</Color>
    <Rotation>NORTH</Rotation>
    <Level>Integral</Level>
    <Parameters>
      <Parameter>
        <Name>Color</Name>
        <Value>WHITE</Value>
      </Parameter>
      <Parameter>
        <Name>Prefab</Name>
        <Value>Gate</Value>
      </Parameter>
      <Parameter>
        <Name>uScale</Name>
        <Value>1.7</Value>
      </Parameter>
    </Parameters>
    <AssetReferences>
      <A537039>Model</A537039>
      <A814012>Texture</A814012>
    </AssetReferences>
  </O89268>
  <O588452>
    <Name>CIRCLE_BUTTON_WHITE</Name>
    <Package>101</Package>
    <PackId>4</PackId>
    <ItemId>0</ItemId>
    <Dat2>0</Dat2>
    <Color>255,255,240,255</Color>
    <Rotation>NORTH</Rotation>
    <Level>Integral</Level>
    <Parameters>
      <Parameter>
        <Name>Prefab</Name>
        <Value>Circle Button</Value>
      </Parameter>
      <Parameter>
        <Name>Button Color</Name>
        <Value>WHITE</Value>
      </Parameter>
    </Parameters>
    <AssetReferences>
      <A867523>Sound</A867523>
    </AssetReferences>
  </O588452>
  <O356167>
    <Name>CIRCLE_BUTTON_GREEN</Name>
    <Package>89</Package>
    <PackId>4</PackId>
    <ItemId>0</ItemId>
    <Dat2>0</Dat2>
    <Color>60,179,113,255</Color>
    <Rotation>NORTH</Rotation>
    <Level>Integral</Level>
    <Parameters>
      <Parameter>
        <Name>Prefab</Name>
        <Value>Circle Button</Value>
      </Parameter>
      <Parameter>
        <Name>Button Color</Name>
        <Value>GREEN</Value>
      </Parameter>
    </Parameters>
    <AssetReferences>
      <A867523>Sound</A867523>
    </AssetReferences>
  </O356167>
  <O990960>
    <Name>CIRCLE_BUTTON_YELLOW</Name>
    <Package>86</Package>
    <PackId>4</PackId>
    <ItemId>0</ItemId>
    <Dat2>0</Dat2>
    <Color>255,215,0,255</Color>
    <Rotation>NORTH</Rotation>
    <Level>Integral</Level>
    <Parameters>
      <Parameter>
        <Name>Prefab</Name>
        <Value>Circle Button</Value>
      </Parameter>
      <Parameter>
        <Name>Button Color</Name>
        <Value>YELLOW</Value>
      </Parameter>
    </Parameters>
    <AssetReferences>
      <A867523>Sound</A867523>
    </AssetReferences>
  </O990960>
  <O472611>
    <Name>CIRCLE_BUTTON_AQUA</Name>
    <Package>92</Package>
    <PackId>4</PackId>
    <ItemId>0</ItemId>
    <Dat2>0</Dat2>
    <Color>0,255,255,255</Color>
    <Rotation>NORTH</Rotation>
    <Level>Integral</Level>
    <Parameters>
      <Parameter>
        <Name>Prefab</Name>
        <Value>Circle Button</Value>
      </Parameter>
      <Parameter>
        <Name>Button Color</Name>
        <Value>AQUA</Value>
      </Parameter>
    </Parameters>
    <AssetReferences>
      <A867523>Sound</A867523>
    </AssetReferences>
  </O472611>
  <O283463>
    <Name>GATE_BLUE</Name>
    <Package>244</Package>
    <PackId>3</PackId>
    <ItemId>0</ItemId>
    <Dat2>0</Dat2>
    <Color>0,0,255,255</Color>
    <Rotation>NORTH</Rotation>
    <Level>Integral</Level>
    <Parameters>
      <Parameter>
        <Name>Prefab</Name>
        <Value>Gate</Value>
      </Parameter>
      <Parameter>
        <Name>Color</Name>
        <Value>BLUE</Value>
      </Parameter>
      <Parameter>
        <Name>uScale</Name>
        <Value>1.7</Value>
      </Parameter>
    </Parameters>
    <AssetReferences>
      <A537039>Model</A537039>
      <A477914>Texture</A477914>
    </AssetReferences>
  </O283463>
  <O828136>
    <Name>CIRCLE_BUTTON_BLUE</Name>
    <Package>98</Package>
    <PackId>4</PackId>
    <ItemId>0</ItemId>
    <Dat2>0</Dat2>
    <Color>0,0,255,255</Color>
    <Rotation>NORTH</Rotation>
    <Level>Integral</Level>
    <Parameters>
      <Parameter>
        <Name>Prefab</Name>
        <Value>Circle Button</Value>
      </Parameter>
      <Parameter>
        <Name>Button Color</Name>
        <Value>BLUE</Value>
      </Parameter>
    </Parameters>
    <AssetReferences>
      <A867523>Sound</A867523>
    </AssetReferences>
  </O828136>
  <O536395>
    <Name>CIRCLE_BUTTON_RED</Name>
    <Package>95</Package>
    <PackId>4</PackId>
    <ItemId>0</ItemId>
    <Dat2>0</Dat2>
    <Color>165,42,42,255</Color>
    <Rotation>NORTH</Rotation>
    <Level>Integral</Level>
    <Parameters>
      <Parameter>
        <Name>Button Color</Name>
        <Value>RED</Value>
      </Parameter>
      <Parameter>
        <Name>Prefab</Name>
        <Value>Circle Button</Value>
      </Parameter>
    </Parameters>
    <AssetReferences>
      <A867523>Sound</A867523>
    </AssetReferences>
  </O536395>
  <O339486>
    <Name>CIRCLE_BUTTON_PURPLE</Name>
    <Package>83</Package>
    <PackId>4</PackId>
    <ItemId>0</ItemId>
    <Dat2>0</Dat2>
    <Color>151,73,178,255</Color>
    <Rotation>NORTH</Rotation>
    <Level>Integral</Level>
    <Parameters>
      <Parameter>
        <Name>Prefab</Name>
        <Value>Circle Button</Value>
      </Parameter>
      <Parameter>
        <Name>Button Color</Name>
        <Value>PURPLE</Value>
      </Parameter>
    </Parameters>
    <AssetReferences>
      <A867523>Sound</A867523>
    </AssetReferences>
  </O339486>
  <O42421>
    <Name>GATE_PINK</Name>
    <Package>234</Package>
    <PackId>3</PackId>
    <ItemId>0</ItemId>
    <Dat2>0</Dat2>
    <Color>255,20,147,255</Color>
    <Rotation>NORTH</Rotation>
    <Level>Integral</Level>
    <Parameters>
      <Parameter>
        <Name>Prefab</Name>
        <Value>Gate</Value>
      </Parameter>
      <Parameter>
        <Name>Color</Name>
        <Value>PURPLE</Value>
      </Parameter>
      <Parameter>
        <Name>uScale</Name>
        <Value>1.7</Value>
      </Parameter>
    </Parameters>
    <AssetReferences>
      <A537039>Model</A537039>
      <A396071>Texture</A396071>
    </AssetReferences>
  </O42421>
  <O123245>
    <Name>GATE_AQUA</Name>
    <Package>240</Package>
    <PackId>3</PackId>
    <ItemId>0</ItemId>
    <Dat2>0</Dat2>
    <Color>0,206,209,255</Color>
    <Rotation>NORTH</Rotation>
    <Level>Integral</Level>
    <Parameters>
      <Parameter>
        <Name>Prefab</Name>
        <Value>Gate</Value>
      </Parameter>
      <Parameter>
        <Name>uScale</Name>
        <Value>1.7</Value>
      </Parameter>
      <Parameter>
        <Name>Color</Name>
        <Value>AQUA</Value>
      </Parameter>
    </Parameters>
    <AssetReferences>
      <A537039>Model</A537039>
      <A265537>Texture</A265537>
    </AssetReferences>
  </O123245>
  <O326900>
    <Name>GATE_RED</Name>
    <Package>242</Package>
    <PackId>3</PackId>
    <ItemId>0</ItemId>
    <Dat2>0</Dat2>
    <Color>220,20,60,255</Color>
    <Rotation>NORTH</Rotation>
    <Level>Integral</Level>
    <Parameters>
      <Parameter>
        <Name>Prefab</Name>
        <Value>Gate</Value>
      </Parameter>
      <Parameter>
        <Name>Color</Name>
        <Value>RED</Value>
      </Parameter>
      <Parameter>
        <Name>uScale</Name>
        <Value>1.7</Value>
      </Parameter>
    </Parameters>
    <AssetReferences>
      <A537039>Model</A537039>
      <A703745>Texture</A703745>
    </AssetReferences>
  </O326900>
  <O788048>
    <Name>GATE_YELLOW</Name>
    <Package>236</Package>
    <PackId>3</PackId>
    <ItemId>0</ItemId>
    <Dat2>0</Dat2>
    <Color>218,165,32,255</Color>
    <Rotation>NORTH</Rotation>
    <Level>Integral</Level>
    <Parameters>
      <Parameter>
        <Name>Prefab</Name>
        <Value>Gate</Value>
      </Parameter>
      <Parameter>
        <Name>Color</Name>
        <Value>YELLOW</Value>
      </Parameter>
      <Parameter>
        <Name>uScale</Name>
        <Value>1.7</Value>
      </Parameter>
    </Parameters>
    <AssetReferences>
      <A537039>Model</A537039>
      <A787057>Texture</A787057>
    </AssetReferences>
  </O788048>
  <O753210>
    <Name>GATE_GREEN</Name>
    <Package>238</Package>
    <PackId>3</PackId>
    <ItemId>0</ItemId>
    <Dat2>0</Dat2>
    <Color>34,139,34,255</Color>
    <Rotation>NORTH</Rotation>
    <Level>Integral</Level>
    <Parameters>
      <Parameter>
        <Name>Prefab</Name>
        <Value>Gate</Value>
      </Parameter>
      <Parameter>
        <Name>Color</Name>
        <Value>GREEN</Value>
      </Parameter>
      <Parameter>
        <Name>uScale</Name>
        <Value>1.7</Value>
      </Parameter>
    </Parameters>
    <AssetReferences>
      <A537039>Model</A537039>
      <A985720>Texture</A985720>
    </AssetReferences>
  </O753210>
  <O503264>
    <Name>THROWER1_E</Name>
    <Package>36</Package>
    <PackId>3</PackId>
    <ItemId>0</ItemId>
    <Dat2>0</Dat2>
    <Color>196,105,191,255</Color>
    <Rotation>EAST</Rotation>
    <Level>Integral</Level>
    <AssetReferences>
      <A94528>Model</A94528>
      <A704444>Texture</A704444>
      <A440017>Sound</A440017>
    </AssetReferences>
  </O503264>
  <O535007>
    <Name>THROWER1_S</Name>
    <Package>40</Package>
    <PackId>3</PackId>
    <ItemId>0</ItemId>
    <Dat2>0</Dat2>
    <Color>84,66,172,255</Color>
    <Rotation>SOUTH</Rotation>
    <Level>Integral</Level>
    <AssetReferences>
      <A94528>Model</A94528>
      <A704444>Texture</A704444>
      <A440017>Sound</A440017>
    </AssetReferences>
  </O535007>
  <O191464>
    <Name>THROWER2_S</Name>
    <Package>41</Package>
    <PackId>3</PackId>
    <ItemId>0</ItemId>
    <Dat2>0</Dat2>
    <Color>61,112,234,255</Color>
    <Rotation>SOUTH</Rotation>
    <Level>Integral</Level>
    <AssetReferences>
      <A94528>Model</A94528>
      <A704444>Texture</A704444>
      <A440017>Sound</A440017>
    </AssetReferences>
  </O191464>
  <O626792>
    <Name>THROWER2_E</Name>
    <Package>37</Package>
    <PackId>3</PackId>
    <ItemId>0</ItemId>
    <Dat2>0</Dat2>
    <Color>84,66,172,255</Color>
    <Rotation>EAST</Rotation>
    <Level>Integral</Level>
    <AssetReferences>
      <A94528>Model</A94528>
      <A704444>Texture</A704444>
      <A440017>Sound</A440017>
    </AssetReferences>
  </O626792>
  <O911855>
    <Name>THROWER3_E</Name>
    <Package>38</Package>
    <PackId>3</PackId>
    <ItemId>0</ItemId>
    <Dat2>0</Dat2>
    <Color>220,151,166,255</Color>
    <Rotation>EAST</Rotation>
    <Level>Integral</Level>
    <AssetReferences>
      <A94528>Model</A94528>
      <A704444>Texture</A704444>
      <A440017>Sound</A440017>
    </AssetReferences>
  </O911855>
  <O505340>
    <Name>THROWER3_S</Name>
    <Package>42</Package>
    <PackId>3</PackId>
    <ItemId>0</ItemId>
    <Dat2>0</Dat2>
    <Color>60,179,113,255</Color>
    <Rotation>SOUTH</Rotation>
    <Level>Integral</Level>
    <AssetReferences>
      <A94528>Model</A94528>
      <A704444>Texture</A704444>
      <A440017>Sound</A440017>
    </AssetReferences>
  </O505340>
  <O419663>
    <Name>THROWER4_S</Name>
    <Package>43</Package>
    <PackId>3</PackId>
    <ItemId>0</ItemId>
    <Dat2>0</Dat2>
    <Color>166,177,121,255</Color>
    <Rotation>SOUTH</Rotation>
    <Level>Integral</Level>
    <AssetReferences>
      <A94528>Model</A94528>
      <A704444>Texture</A704444>
      <A440017>Sound</A440017>
    </AssetReferences>
  </O419663>
  <O313190>
    <Name>THROWER4_E</Name>
    <Package>39</Package>
    <PackId>3</PackId>
    <ItemId>0</ItemId>
    <Dat2>0</Dat2>
    <Color>220,151,166,255</Color>
    <Rotation>EAST</Rotation>
    <Level>Integral</Level>
    <AssetReferences>
      <A94528>Model</A94528>
      <A704444>Texture</A704444>
      <A440017>Sound</A440017>
    </AssetReferences>
  </O313190>
  <O614014>
    <Name>THROWER1_W</Name>
    <Package>44</Package>
    <PackId>3</PackId>
    <ItemId>0</ItemId>
    <Dat2>0</Dat2>
    <Color>196,105,191,255</Color>
    <Rotation>WEST</Rotation>
    <Level>Integral</Level>
    <AssetReferences>
      <A94528>Model</A94528>
      <A704444>Texture</A704444>
      <A440017>Sound</A440017>
    </AssetReferences>
  </O614014>
  <O569598>
    <Name>THROWER2_W</Name>
    <Package>45</Package>
    <PackId>3</PackId>
    <ItemId>0</ItemId>
    <Dat2>0</Dat2>
    <Color>60,179,113,255</Color>
    <Rotation>WEST</Rotation>
    <Level>Integral</Level>
    <AssetReferences>
      <A94528>Model</A94528>
      <A704444>Texture</A704444>
      <A440017>Sound</A440017>
    </AssetReferences>
  </O569598>
  <O950193>
    <Name>THROWER3_W</Name>
    <Package>46</Package>
    <PackId>3</PackId>
    <ItemId>0</ItemId>
    <Dat2>0</Dat2>
    <Color>226,163,160,255</Color>
    <Rotation>WEST</Rotation>
    <Level>Integral</Level>
    <AssetReferences>
      <A94528>Model</A94528>
      <A704444>Texture</A704444>
      <A440017>Sound</A440017>
    </AssetReferences>
  </O950193>
  <O531040>
    <Name>THROWER4_N</Name>
    <Package>35</Package>
    <PackId>3</PackId>
    <ItemId>0</ItemId>
    <Dat2>0</Dat2>
    <Color>101,173,154,255</Color>
    <Rotation>NORTH</Rotation>
    <Level>Integral</Level>
    <AssetReferences>
      <A94528>Model</A94528>
      <A704444>Texture</A704444>
      <A440017>Sound</A440017>
    </AssetReferences>
  </O531040>
  <O902073>
    <Name>THROWER4_W</Name>
    <Package>47</Package>
    <PackId>3</PackId>
    <ItemId>0</ItemId>
    <Dat2>0</Dat2>
    <Color>91,162,125,255</Color>
    <Rotation>WEST</Rotation>
    <Level>Integral</Level>
    <AssetReferences>
      <A94528>Model</A94528>
      <A704444>Texture</A704444>
      <A440017>Sound</A440017>
    </AssetReferences>
  </O902073>
  <O765532>
    <Name>THROWER1_N</Name>
    <Package>32</Package>
    <PackId>3</PackId>
    <ItemId>0</ItemId>
    <Dat2>0</Dat2>
    <Color>215,53,233,255</Color>
    <Rotation>NORTH</Rotation>
    <Level>Integral</Level>
    <AssetReferences>
      <A94528>Model</A94528>
      <A704444>Texture</A704444>
      <A440017>Sound</A440017>
    </AssetReferences>
  </O765532>
  <O576020>
    <Name>THROWER2_N</Name>
    <Package>33</Package>
    <PackId>3</PackId>
    <ItemId>0</ItemId>
    <Dat2>0</Dat2>
    <Color>93,101,120,255</Color>
    <Rotation>NORTH</Rotation>
    <Level>Integral</Level>
    <AssetReferences>
      <A94528>Model</A94528>
      <A704444>Texture</A704444>
      <A440017>Sound</A440017>
    </AssetReferences>
  </O576020>
  <O672115>
    <Name>THROWER3_N</Name>
    <Package>34</Package>
    <PackId>3</PackId>
    <ItemId>0</ItemId>
    <Dat2>0</Dat2>
    <Color>103,104,53,255</Color>
    <Rotation>NORTH</Rotation>
    <Level>Integral</Level>
    <AssetReferences>
      <A94528>Model</A94528>
      <A704444>Texture</A704444>
      <A440017>Sound</A440017>
    </AssetReferences>
  </O672115>
  <O167815>
    <Name>EMPTY</Name>
    <Package>0</Package>
    <PackId>0</PackId>
    <ItemId>0</ItemId>
    <Dat2>0</Dat2>
    <Color>0,0,0,0</Color>
    <Rotation>NORTH</Rotation>
    <Level>Decoration</Level>
    <AssetReferences />
  </O167815>
  <O985647>
    <Name>STEEL_BOX</Name>
    <Package>0</Package>
    <PackId>0</PackId>
    <ItemId>10</ItemId>
    <Dat2>0</Dat2>
    <Color>146,52,223,255</Color>
    <Rotation>NORTH</Rotation>
    <Level>Decoration</Level>
    <Parameters>
      <Parameter>
        <Name>Prefab</Name>
        <Value>MoveableBox</Value>
      </Parameter>
      <Parameter>
        <Name>CanFloat</Name>
        <Value>false</Value>
      </Parameter>
      <Parameter>
        <Name>FillTexture</Name>
        <Value>0</Value>
      </Parameter>
      <Parameter>
        <Name>ExclusiveMode</Name>
        <Value>1</Value>
      </Parameter>
      <Parameter>
        <Name>AllowMotion</Name>
        <Value>true</Value>
      </Parameter>
    </Parameters>
    <AssetReferences>
      <A719401>Texture</A719401>
      <A900021>Sound</A900021>
      <A285245>Sound</A285245>
    </AssetReferences>
  </O985647>
  <O353994>
    <Name>ICICLE</Name>
    <Package>0</Package>
    <PackId>0</PackId>
    <ItemId>16</ItemId>
    <Dat2>0</Dat2>
    <Color>0,191,255,255</Color>
    <Rotation>NORTH</Rotation>
    <Level>Decoration</Level>
    <AssetReferences />
  </O353994>
  <O119303>
    <Name>SPONGEBOB_FROGFISH</Name>
    <Package>0</Package>
    <PackId>0</PackId>
    <ItemId>43</ItemId>
    <Dat2>0</Dat2>
    <Color>255,165,0,255</Color>
    <Rotation>NORTH</Rotation>
    <Level>Decoration</Level>
    <AssetReferences />
  </O119303>
  <O952656>
    <Name>PATRICK_FROGFISH</Name>
    <Package>0</Package>
    <PackId>0</PackId>
    <ItemId>44</ItemId>
    <Dat2>0</Dat2>
    <Color>240,128,128,255</Color>
    <Rotation>NORTH</Rotation>
    <Level>Decoration</Level>
    <AssetReferences />
  </O952656>
  <O556221>
    <Name>JELLYFISH</Name>
    <Package>0</Package>
    <PackId>0</PackId>
    <ItemId>46</ItemId>
    <Dat2>0</Dat2>
    <Color>186,85,211,255</Color>
    <Rotation>NORTH</Rotation>
    <Level>Decoration</Level>
    <Parameters>
      <Parameter>
        <Name>TransparentColor</Name>
        <Value>0,0,0</Value>
      </Parameter>
    </Parameters>
    <AssetReferences>
      <A736809>Model</A736809>
      <A861361>Texture</A861361>
    </AssetReferences>
  </O556221>
  <O890634>
    <Name>KELP_VINE</Name>
    <Package>0</Package>
    <PackId>0</PackId>
    <ItemId>55</ItemId>
    <Dat2>0</Dat2>
    <Color>218,205,250,255</Color>
    <Rotation>NORTH</Rotation>
    <Level>Decoration</Level>
    <Parameters>
      <Parameter>
        <Name>uScale</Name>
        <Value>0.2</Value>
      </Parameter>
    </Parameters>
    <AssetReferences>
      <A450690>Model</A450690>
      <A562661>Texture</A562661>
    </AssetReferences>
  </O890634>
  <O279038>
    <Name>ROCK</Name>
    <Package>0</Package>
    <PackId>0</PackId>
    <ItemId>51</ItemId>
    <Dat2>0</Dat2>
    <Color>204,178,36,255</Color>
    <Rotation>NORTH</Rotation>
    <Level>Decoration</Level>
    <Parameters>
      <Parameter>
        <Name>uScale</Name>
        <Value>.15</Value>
      </Parameter>
    </Parameters>
    <AssetReferences>
      <A167974>Model</A167974>
      <A140613>Texture</A140613>
    </AssetReferences>
  </O279038>
  <O359038>
    <Name>CONSTRUCTION_SIGN_S</Name>
    <Package>0</Package>
    <PackId>0</PackId>
    <ItemId>56</ItemId>
    <Dat2>0</Dat2>
    <Color>146,52,223,255</Color>
    <Rotation>SOUTH</Rotation>
    <Level>Decoration</Level>
    <Parameters>
      <Parameter>
        <Name>uScale</Name>
        <Value>1.5</Value>
      </Parameter>
    </Parameters>
    <AssetReferences>
      <A644606>Model</A644606>
      <A344421>Texture</A344421>
    </AssetReferences>
  </O359038>
  <O31249>
    <Name>FLOWER</Name>
    <Package>0</Package>
    <PackId>0</PackId>
    <ItemId>66</ItemId>
    <Dat2>0</Dat2>
    <Color>0,255,0,255</Color>
    <Rotation>NORTH</Rotation>
    <Level>Decoration</Level>
    <Parameters>
      <Parameter>
        <Name>TransparentColor</Name>
        <Value>0,0,0</Value>
      </Parameter>
      <Parameter>
        <Name>uScale</Name>
        <Value>1.5</Value>
      </Parameter>
    </Parameters>
    <AssetReferences>
      <A273556>Texture</A273556>
      <A690845>Model</A690845>
    </AssetReferences>
  </O31249>
  <O204570>
    <Name>CORAL</Name>
    <Package>0</Package>
    <PackId>0</PackId>
    <ItemId>67</ItemId>
    <Dat2>0</Dat2>
    <Color>104,165,174,255</Color>
    <Rotation>NORTH</Rotation>
    <Level>Decoration</Level>
    <Parameters>
      <Parameter>
        <Name>uScale</Name>
        <Value>2</Value>
      </Parameter>
    </Parameters>
    <AssetReferences>
      <A197336>Model</A197336>
      <A720273>Texture</A720273>
    </AssetReferences>
  </O204570>
  <O304277>
    <Name>PATRICK_ROCK</Name>
    <Package>0</Package>
    <PackId>0</PackId>
    <ItemId>68</ItemId>
    <Dat2>0</Dat2>
    <Color>235,18,40,255</Color>
    <Rotation>NORTH</Rotation>
    <Level>Decoration</Level>
    <Parameters>
      <Parameter>
        <Name>uScale</Name>
        <Value>8</Value>
      </Parameter>
    </Parameters>
    <AssetReferences>
      <A190480>Model</A190480>
      <A293760>Texture</A293760>
    </AssetReferences>
  </O304277>
  <O124554>
    <Name>FENCE</Name>
    <Package>0</Package>
    <PackId>0</PackId>
    <ItemId>69</ItemId>
    <Dat2>0</Dat2>
    <Color>135,32,32,255</Color>
    <Rotation>NORTH</Rotation>
    <Level>Decoration</Level>
    <Parameters>
      <Parameter>
        <Name>Prefab</Name>
        <Value>FenceObject</Value>
      </Parameter>
    </Parameters>
    <AssetReferences>
      <A500911>Model</A500911>
      <A644473>Texture</A644473>
    </AssetReferences>
  </O124554>
  <O901770>
    <Name>UMBRELLA</Name>
    <Package>0</Package>
    <PackId>0</PackId>
    <ItemId>70</ItemId>
    <Dat2>0</Dat2>
    <Color>224,68,254,255</Color>
    <Rotation>NORTH</Rotation>
    <Level>Decoration</Level>
    <Parameters>
      <Parameter>
        <Name>uScale</Name>
        <Value>2</Value>
      </Parameter>
    </Parameters>
    <AssetReferences>
      <A360141>Model</A360141>
      <A909642>Texture</A909642>
    </AssetReferences>
  </O901770>
  <O621798>
    <Name>CONSTRUCTION_SIGN_E</Name>
    <Package>0</Package>
    <PackId>0</PackId>
    <ItemId>57</ItemId>
    <Dat2>0</Dat2>
    <Color>211,119,249,255</Color>
    <Rotation>EAST</Rotation>
    <Level>Decoration</Level>
    <Parameters>
      <Parameter>
        <Name>uScale</Name>
        <Value>1.5</Value>
      </Parameter>
    </Parameters>
    <AssetReferences>
      <A644606>Model</A644606>
      <A344421>Texture</A344421>
    </AssetReferences>
  </O621798>
  <O466855>
    <Name>Message #1</Name>
    <Package>20</Package>
    <PackId>5</PackId>
    <ItemId>0</ItemId>
    <Dat2>0</Dat2>
    <Color>30,144,255,255</Color>
    <Rotation>NORTH</Rotation>
    <Level>Integral</Level>
    <Parameters>
      <Parameter>
        <Name>ServiceObject</Name>
        <Value>true</Value>
      </Parameter>
      <Parameter>
        <Name>Message</Name>
        <Value>1</Value>
      </Parameter>
    </Parameters>
    <AssetReferences />
  </O466855>
  <O663776>
    <Name>TELEPORT_RED</Name>
    <Package>176</Package>
    <PackId>4</PackId>
    <ItemId>0</ItemId>
    <Dat2>0</Dat2>
    <Color>220,20,60,255</Color>
    <Rotation>NORTH</Rotation>
    <Level>Integral</Level>
    <AssetReferences />
  </O663776>
  <O993279>
    <Name>TELEPORT_YELLOW</Name>
    <Package>177</Package>
    <PackId>4</PackId>
    <ItemId>0</ItemId>
    <Dat2>0</Dat2>
    <Color>255,165,0,255</Color>
    <Rotation>NORTH</Rotation>
    <Level>Integral</Level>
    <AssetReferences />
  </O993279>
  <O566865>
    <Name>TELEPORT_GREEN</Name>
    <Package>178</Package>
    <PackId>4</PackId>
    <ItemId>0</ItemId>
    <Dat2>0</Dat2>
    <Color>0,255,0,255</Color>
    <Rotation>NORTH</Rotation>
    <Level>Integral</Level>
    <AssetReferences />
  </O566865>
  <O553181>
    <Name>TELEPORT_BLUE</Name>
    <Package>179</Package>
    <PackId>4</PackId>
    <ItemId>0</ItemId>
    <Dat2>0</Dat2>
    <Color>0,0,255,255</Color>
    <Rotation>NORTH</Rotation>
    <Level>Integral</Level>
    <AssetReferences />
  </O553181>
  <O783809>
    <Name>TELEPORT_PURPLE</Name>
    <Package>180</Package>
    <PackId>4</PackId>
    <ItemId>0</ItemId>
    <Dat2>0</Dat2>
    <Color>153,50,204,255</Color>
    <Rotation>NORTH</Rotation>
    <Level>Integral</Level>
    <AssetReferences />
  </O783809>
  <O774214>
    <Name>TELEPORT_AQUA</Name>
    <Package>181</Package>
    <PackId>4</PackId>
    <ItemId>0</ItemId>
    <Dat2>0</Dat2>
    <Color>0,191,255,255</Color>
    <Rotation>NORTH</Rotation>
    <Level>Integral</Level>
    <AssetReferences />
  </O774214>
  <O692179>
    <Name>TELEPORT_WHITE</Name>
    <Package>182</Package>
    <PackId>4</PackId>
    <ItemId>0</ItemId>
    <Dat2>0</Dat2>
    <Color>240,248,255,255</Color>
    <Rotation>NORTH</Rotation>
    <Level>Integral</Level>
    <AssetReferences />
  </O692179>
  <O645041>
    <Name>TELEPORT_BLACK</Name>
    <Package>183</Package>
    <PackId>4</PackId>
    <ItemId>0</ItemId>
    <Dat2>0</Dat2>
    <Color>0,0,0,255</Color>
    <Rotation>NORTH</Rotation>
    <Level>Integral</Level>
    <AssetReferences />
  </O645041>
  <O856791>
    <Name>_Covered1</Name>
    <Package>89</Package>
    <PackId>2</PackId>
    <ItemId>0</ItemId>
    <Dat2>0</Dat2>
    <Color>247,193,44,255</Color>
    <Rotation>NORTH</Rotation>
    <Level>Integral</Level>
    <AssetReferences />
  </O856791>
  <O993364>
    <Name>_Covered2</Name>
    <Package>90</Package>
    <PackId>2</PackId>
    <ItemId>0</ItemId>
    <Dat2>0</Dat2>
    <Color>253,147,241,255</Color>
    <Rotation>NORTH</Rotation>
    <Level>Integral</Level>
    <AssetReferences />
  </O993364>
  <O158965>
    <Name>_Chasm1</Name>
    <Package>94</Package>
    <PackId>2</PackId>
    <ItemId>0</ItemId>
    <Dat2>0</Dat2>
    <Color>35,115,62,255</Color>
    <Rotation>NORTH</Rotation>
    <Level>Integral</Level>
    <AssetReferences />
  </O158965>
  <O989449>
    <Name>_Chasm2</Name>
    <Package>95</Package>
    <PackId>2</PackId>
    <ItemId>0</ItemId>
    <Dat2>0</Dat2>
    <Color>134,23,156,255</Color>
    <Rotation>NORTH</Rotation>
    <Level>Integral</Level>
    <AssetReferences />
  </O989449>
  <O82217>
    <Name>_Chasm3</Name>
    <Package>96</Package>
    <PackId>2</PackId>
    <ItemId>0</ItemId>
    <Dat2>0</Dat2>
    <Color>130,182,127,255</Color>
    <Rotation>NORTH</Rotation>
    <Level>Integral</Level>
    <AssetReferences />
  </O82217>
  <O745466>
    <Name>CIRCLE_BUTTON_SPECIAL</Name>
    <Package>77</Package>
    <PackId>4</PackId>
    <ItemId>0</ItemId>
    <Dat2>0</Dat2>
    <Color>139,69,19,255</Color>
    <Rotation>NORTH</Rotation>
    <Level>Integral</Level>
    <AssetReferences />
  </O745466>
  <O211022>
    <Name>SQUARE_BUTTON_SPECIAL</Name>
    <Package>76</Package>
    <PackId>4</PackId>
    <ItemId>0</ItemId>
    <Dat2>0</Dat2>
    <Color>160,82,45,255</Color>
    <Rotation>NORTH</Rotation>
    <Level>Integral</Level>
    <AssetReferences />
  </O211022>
  <O982591>
    <Name>FALSE_FLOOR</Name>
    <Package>201</Package>
    <PackId>0</PackId>
    <ItemId>0</ItemId>
    <Dat2>0</Dat2>
    <Color>128,0,0,255</Color>
    <Rotation>NORTH</Rotation>
    <Level>Integral</Level>
    <AssetReferences />
  </O982591>
  <O557999>
    <Name>Message #2</Name>
    <Package>21</Package>
    <PackId>5</PackId>
    <ItemId>0</ItemId>
    <Dat2>0</Dat2>
    <Color>84,186,3,255</Color>
    <Rotation>NORTH</Rotation>
    <Level>Integral</Level>
    <Parameters>
      <Parameter>
        <Name>ServiceObject</Name>
        <Value>true</Value>
      </Parameter>
      <Parameter>
        <Name>Message</Name>
        <Value>2</Value>
      </Parameter>
    </Parameters>
    <AssetReferences />
  </O557999>
  <O159337>
    <Name>Message #3</Name>
    <Package>22</Package>
    <PackId>5</PackId>
    <ItemId>0</ItemId>
    <Dat2>0</Dat2>
    <Color>106,196,181,255</Color>
    <Rotation>NORTH</Rotation>
    <Level>Integral</Level>
    <Parameters>
      <Parameter>
        <Name>ServiceObject</Name>
        <Value>true</Value>
      </Parameter>
      <Parameter>
        <Name>Message</Name>
        <Value>3</Value>
      </Parameter>
    </Parameters>
    <AssetReferences />
  </O159337>
  <O471850>
    <Name>Message #4</Name>
    <Package>23</Package>
    <PackId>5</PackId>
    <ItemId>0</ItemId>
    <Dat2>0</Dat2>
    <Color>196,220,36,255</Color>
    <Rotation>NORTH</Rotation>
    <Level>Integral</Level>
    <Parameters>
      <Parameter>
        <Name>ServiceObject</Name>
        <Value>true</Value>
      </Parameter>
      <Parameter>
        <Name>Message</Name>
        <Value>4</Value>
      </Parameter>
    </Parameters>
    <AssetReferences />
  </O471850>
  <O852143>
    <Name>Message #5</Name>
    <Package>24</Package>
    <PackId>5</PackId>
    <ItemId>0</ItemId>
    <Dat2>0</Dat2>
    <Color>85,107,47,255</Color>
    <Rotation>NORTH</Rotation>
    <Level>Integral</Level>
    <Parameters>
      <Parameter>
        <Name>ServiceObject</Name>
        <Value>true</Value>
      </Parameter>
      <Parameter>
        <Name>Message</Name>
        <Value>5</Value>
      </Parameter>
    </Parameters>
    <AssetReferences />
  </O852143>
  <O68021>
    <Name>Message #6</Name>
    <Package>25</Package>
    <PackId>5</PackId>
    <ItemId>0</ItemId>
    <Dat2>0</Dat2>
    <Color>221,223,156,255</Color>
    <Rotation>NORTH</Rotation>
    <Level>Integral</Level>
    <Parameters>
      <Parameter>
        <Name>ServiceObject</Name>
        <Value>true</Value>
      </Parameter>
      <Parameter>
        <Name>Message</Name>
        <Value>6</Value>
      </Parameter>
    </Parameters>
    <AssetReferences />
  </O68021>
  <O348228>
    <Name>Message #7</Name>
    <Package>26</Package>
    <PackId>5</PackId>
    <ItemId>0</ItemId>
    <Dat2>0</Dat2>
    <Color>22,66,199,255</Color>
    <Rotation>NORTH</Rotation>
    <Level>Integral</Level>
    <Parameters>
      <Parameter>
        <Name>ServiceObject</Name>
        <Value>true</Value>
      </Parameter>
      <Parameter>
        <Name>Message</Name>
        <Value>7</Value>
      </Parameter>
    </Parameters>
    <AssetReferences />
  </O348228>
  <O921151>
    <Name>Message #8</Name>
    <Package>27</Package>
    <PackId>5</PackId>
    <ItemId>0</ItemId>
    <Dat2>0</Dat2>
    <Color>15,133,146,255</Color>
    <Rotation>NORTH</Rotation>
    <Level>Integral</Level>
    <Parameters>
      <Parameter>
        <Name>ServiceObject</Name>
        <Value>true</Value>
      </Parameter>
      <Parameter>
        <Name>Message</Name>
        <Value>8</Value>
      </Parameter>
    </Parameters>
    <AssetReferences />
  </O921151>
  <O126312>
    <Name>Message #9</Name>
    <Package>28</Package>
    <PackId>5</PackId>
    <ItemId>0</ItemId>
    <Dat2>0</Dat2>
    <Color>238,130,238,255</Color>
    <Rotation>NORTH</Rotation>
    <Level>Integral</Level>
    <Parameters>
      <Parameter>
        <Name>AllowMotion</Name>
        <Value>true</Value>
      </Parameter>
      <Parameter>
        <Name>ServiceObject</Name>
        <Value>true</Value>
      </Parameter>
      <Parameter>
        <Name>Message</Name>
        <Value>9</Value>
      </Parameter>
    </Parameters>
    <AssetReferences />
  </O126312>
  <O382225>
    <Name>Message #10</Name>
    <Package>29</Package>
    <PackId>5</PackId>
    <ItemId>0</ItemId>
    <Dat2>0</Dat2>
    <Color>95,158,160,255</Color>
    <Rotation>NORTH</Rotation>
    <Level>Integral</Level>
    <Parameters>
      <Parameter>
        <Name>AllowMotion</Name>
        <Value>true</Value>
      </Parameter>
      <Parameter>
        <Name>ServiceObject</Name>
        <Value>true</Value>
      </Parameter>
      <Parameter>
        <Name>Message</Name>
        <Value>10</Value>
      </Parameter>
    </Parameters>
    <AssetReferences />
  </O382225>
  <O822624>
    <Name>Message #11</Name>
    <Package>30</Package>
    <PackId>5</PackId>
    <ItemId>0</ItemId>
    <Dat2>0</Dat2>
    <Color>2,86,154,255</Color>
    <Rotation>NORTH</Rotation>
    <Level>Integral</Level>
    <Parameters>
      <Parameter>
        <Name>ServiceObject</Name>
        <Value>true</Value>
      </Parameter>
      <Parameter>
        <Name>Message</Name>
        <Value>11</Value>
      </Parameter>
    </Parameters>
    <AssetReferences />
  </O822624>
  <O870086>
    <Name>Message #12</Name>
    <Package>31</Package>
    <PackId>5</PackId>
    <ItemId>0</ItemId>
    <Dat2>0</Dat2>
    <Color>123,104,238,255</Color>
    <Rotation>NORTH</Rotation>
    <Level>Integral</Level>
    <Parameters>
      <Parameter>
        <Name>ServiceObject</Name>
        <Value>true</Value>
      </Parameter>
      <Parameter>
        <Name>Message</Name>
        <Value>12</Value>
      </Parameter>
    </Parameters>
    <AssetReferences />
  </O870086>
  <O578731>
    <Name>Message #13</Name>
    <Package>32</Package>
    <PackId>5</PackId>
    <ItemId>0</ItemId>
    <Dat2>0</Dat2>
    <Color>32,68,134,255</Color>
    <Rotation>NORTH</Rotation>
    <Level>Integral</Level>
    <Parameters>
      <Parameter>
        <Name>ServiceObject</Name>
        <Value>true</Value>
      </Parameter>
      <Parameter>
        <Name>Message</Name>
        <Value>13</Value>
      </Parameter>
    </Parameters>
    <AssetReferences />
  </O578731>
  <O795590>
    <Name>Message #14</Name>
    <Package>33</Package>
    <PackId>5</PackId>
    <ItemId>0</ItemId>
    <Dat2>0</Dat2>
    <Color>184,134,11,255</Color>
    <Rotation>NORTH</Rotation>
    <Level>Integral</Level>
    <Parameters>
      <Parameter>
        <Name>ServiceObject</Name>
        <Value>true</Value>
      </Parameter>
      <Parameter>
        <Name>Message</Name>
        <Value>14</Value>
      </Parameter>
    </Parameters>
    <AssetReferences />
  </O795590>
  <O794394>
    <Name>Message #15</Name>
    <Package>34</Package>
    <PackId>5</PackId>
    <ItemId>0</ItemId>
    <Dat2>0</Dat2>
    <Color>103,104,53,255</Color>
    <Rotation>NORTH</Rotation>
    <Level>Integral</Level>
    <Parameters>
      <Parameter>
        <Name>ServiceObject</Name>
        <Value>true</Value>
      </Parameter>
      <Parameter>
        <Name>Message</Name>
        <Value>15</Value>
      </Parameter>
    </Parameters>
    <AssetReferences />
  </O794394>
  <O961564>
    <Name>Message #16</Name>
    <Package>35</Package>
    <PackId>5</PackId>
    <ItemId>0</ItemId>
    <Dat2>0</Dat2>
    <Color>101,173,154,255</Color>
    <Rotation>NORTH</Rotation>
    <Level>Integral</Level>
    <Parameters>
      <Parameter>
        <Name>ServiceObject</Name>
        <Value>true</Value>
      </Parameter>
      <Parameter>
        <Name>Message</Name>
        <Value>16</Value>
      </Parameter>
    </Parameters>
    <AssetReferences />
  </O961564>
  <O331421>
    <Name>Message #17</Name>
    <Package>36</Package>
    <PackId>5</PackId>
    <ItemId>0</ItemId>
    <Dat2>0</Dat2>
    <Color>30,144,255,255</Color>
    <Rotation>NORTH</Rotation>
    <Level>Integral</Level>
    <Parameters>
      <Parameter>
        <Name>ServiceObject</Name>
        <Value>true</Value>
      </Parameter>
      <Parameter>
        <Name>Message</Name>
        <Value>17</Value>
      </Parameter>
    </Parameters>
    <AssetReferences />
  </O331421>
  <O249248>
    <Name>Message #18</Name>
    <Package>37</Package>
    <PackId>5</PackId>
    <ItemId>0</ItemId>
    <Dat2>0</Dat2>
    <Color>255,160,122,255</Color>
    <Rotation>NORTH</Rotation>
    <Level>Integral</Level>
    <Parameters>
      <Parameter>
        <Name>ServiceObject</Name>
        <Value>true</Value>
      </Parameter>
      <Parameter>
        <Name>Message</Name>
        <Value>18</Value>
      </Parameter>
    </Parameters>
    <AssetReferences />
  </O249248>
  <O260740>
    <Name>Message #19</Name>
    <Package>38</Package>
    <PackId>5</PackId>
    <ItemId>0</ItemId>
    <Dat2>0</Dat2>
    <Color>226,99,87,255</Color>
    <Rotation>NORTH</Rotation>
    <Level>Integral</Level>
    <Parameters>
      <Parameter>
        <Name>ServiceObject</Name>
        <Value>true</Value>
      </Parameter>
      <Parameter>
        <Name>Message</Name>
        <Value>19</Value>
      </Parameter>
    </Parameters>
    <AssetReferences />
  </O260740>
  <O858075>
    <Name>Message #20</Name>
    <Package>39</Package>
    <PackId>5</PackId>
    <ItemId>0</ItemId>
    <Dat2>0</Dat2>
    <Color>232,63,13,255</Color>
    <Rotation>NORTH</Rotation>
    <Level>Integral</Level>
    <Parameters>
      <Parameter>
        <Name>ServiceObject</Name>
        <Value>true</Value>
      </Parameter>
      <Parameter>
        <Name>Message</Name>
        <Value>20</Value>
      </Parameter>
    </Parameters>
    <AssetReferences />
  </O858075>
  <O254939>
    <Name>ICE</Name>
    <Package>144</Package>
    <PackId>1</PackId>
    <ItemId>0</ItemId>
    <Dat2>0</Dat2>
    <Color>244,209,63,255</Color>
    <Rotation>NORTH</Rotation>
    <Level>Integral</Level>
    <Parameters>
      <Parameter>
        <Name>Speed</Name>
        <Value>10</Value>
      </Parameter>
      <Parameter>
        <Name>Script</Name>
        <Value>IceBehavior</Value>
      </Parameter>
      <Parameter>
        <Name>BOX_ForcePush</Name>
        <Value>true</Value>
      </Parameter>
      <Parameter>
        <Name>Prefab</Name>
        <Value>Ice</Value>
      </Parameter>
      <Parameter>
        <Name>Material</Name>
        <Value>IceMaterial</Value>
      </Parameter>
      <Parameter>
        <Name>AllowMotion</Name>
        <Value>true</Value>
      </Parameter>
    </Parameters>
    <AssetReferences>
      <A269941>Texture</A269941>
      <A28148>Sound</A28148>
    </AssetReferences>
  </O254939>
  <O586289>
    <Name>ROAD_ROCKS</Name>
    <Package>103</Package>
    <PackId>0</PackId>
    <ItemId>0</ItemId>
    <Dat2>0</Dat2>
    <Color>112,39,137,255</Color>
    <Rotation>NORTH</Rotation>
    <Level>Integral</Level>
    <Parameters>
      <Parameter>
        <Name>FLOOR</Name>
        <Value>FLOOR</Value>
      </Parameter>
      <Parameter>
        <Name>Tex_Context_4</Name>
        <Value>2</Value>
      </Parameter>
    </Parameters>
    <AssetReferences>
      <A891861>Texture</A891861>
      <A582872>Texture</A582872>
      <A988552>Texture</A988552>
    </AssetReferences>
  </O586289>
  <O881279>
    <Name>BULLY_W</Name>
    <Package>0</Package>
    <PackId>0</PackId>
    <ItemId>18</ItemId>
    <Dat2>0</Dat2>
    <Color>31,196,61,255</Color>
    <Rotation>WEST</Rotation>
    <Level>Decoration</Level>
    <Parameters>
      <Parameter>
        <Name>Prefab</Name>
        <Value>Bully</Value>
      </Parameter>
      <Parameter>
        <Name>uScale</Name>
        <Value>.2</Value>
      </Parameter>
      <Parameter>
        <Name>MotionSpeed</Name>
        <Value>2</Value>
      </Parameter>
      <Parameter>
        <Name>Enemy_ChaseSpeed</Name>
        <Value>4</Value>
      </Parameter>
    </Parameters>
    <AssetReferences>
      <A301051>Model</A301051>
      <A429073>Texture</A429073>
      <A373796>Sound</A373796>
      <A297679>Sound</A297679>
    </AssetReferences>
  </O881279>
  <O744745>
    <Name>BULLY_E</Name>
    <Package>0</Package>
    <PackId>0</PackId>
    <ItemId>25</ItemId>
    <Dat2>0</Dat2>
    <Color>61,224,241,255</Color>
    <Rotation>NORTH</Rotation>
    <Level>Decoration</Level>
    <Parameters>
      <Parameter>
        <Name>Prefab</Name>
        <Value>Bully</Value>
      </Parameter>
      <Parameter>
        <Name>uScale</Name>
        <Value>.2</Value>
      </Parameter>
      <Parameter>
        <Name>Enemy_ChaseSpeed</Name>
        <Value>4</Value>
      </Parameter>
      <Parameter>
        <Name>MotionSpeed</Name>
        <Value>2</Value>
      </Parameter>
    </Parameters>
    <AssetReferences>
      <A429073>Texture</A429073>
      <A301051>Model</A301051>
      <A373796>Sound</A373796>
      <A297679>Sound</A297679>
    </AssetReferences>
  </O744745>
  <O441458>
    <Name>BULLY_N</Name>
    <Package>0</Package>
    <PackId>0</PackId>
    <ItemId>20</ItemId>
    <Dat2>0</Dat2>
    <Color>142,58,3,255</Color>
    <Rotation>NORTH</Rotation>
    <Level>Decoration</Level>
    <Parameters>
      <Parameter>
        <Name>Prefab</Name>
        <Value>Bully</Value>
      </Parameter>
      <Parameter>
        <Name>uScale</Name>
        <Value>.2</Value>
      </Parameter>
      <Parameter>
        <Name>AllowMotion</Name>
        <Value>true</Value>
      </Parameter>
      <Parameter>
        <Name>Enemy_ChaseSpeed</Name>
        <Value>4</Value>
      </Parameter>
      <Parameter>
        <Name>MotionSpeed</Name>
        <Value>2</Value>
      </Parameter>
    </Parameters>
    <AssetReferences>
      <A301051>Model</A301051>
      <A429073>Texture</A429073>
      <A373796>Sound</A373796>
      <A297679>Sound</A297679>
    </AssetReferences>
  </O441458>
  <O427502>
    <Name>BULLY_E</Name>
    <Package>0</Package>
    <PackId>0</PackId>
    <ItemId>21</ItemId>
    <Dat2>0</Dat2>
    <Color>184,19,37,255</Color>
    <Rotation>EAST</Rotation>
    <Level>Decoration</Level>
    <Parameters>
      <Parameter>
        <Name>Prefab</Name>
        <Value>Bully</Value>
      </Parameter>
      <Parameter>
        <Name>uScale</Name>
        <Value>.2</Value>
      </Parameter>
      <Parameter>
        <Name>AllowMotion</Name>
        <Value>true</Value>
      </Parameter>
      <Parameter>
        <Name>Enemy_ChaseSpeed</Name>
        <Value>4</Value>
      </Parameter>
      <Parameter>
        <Name>MotionSpeed</Name>
        <Value>2</Value>
      </Parameter>
    </Parameters>
    <AssetReferences>
      <A301051>Model</A301051>
      <A429073>Texture</A429073>
      <A373796>Sound</A373796>
      <A297679>Sound</A297679>
    </AssetReferences>
  </O427502>
  <O302390>
    <Name>BULLY_S</Name>
    <Package>0</Package>
    <PackId>0</PackId>
    <ItemId>23</ItemId>
    <Dat2>0</Dat2>
    <Color>128,126,250,255</Color>
    <Rotation>SOUTH</Rotation>
    <Level>Decoration</Level>
    <Parameters>
      <Parameter>
        <Name>uScale</Name>
        <Value>.2</Value>
      </Parameter>
      <Parameter>
        <Name>Prefab</Name>
        <Value>Bully</Value>
      </Parameter>
      <Parameter>
        <Name>Enemy_ChaseSpeed</Name>
        <Value>4</Value>
      </Parameter>
      <Parameter>
        <Name>MotionSpeed</Name>
        <Value>2</Value>
      </Parameter>
    </Parameters>
    <AssetReferences>
      <A301051>Model</A301051>
      <A373796>Sound</A373796>
      <A297679>Sound</A297679>
      <A429073>Texture</A429073>
    </AssetReferences>
  </O302390>
  <O301686>
    <Name>KRABBY_PATTY</Name>
    <Package>0</Package>
    <PackId>0</PackId>
    <ItemId>5</ItemId>
    <Dat2>0</Dat2>
    <Color>32,178,170,255</Color>
    <Rotation>NORTH</Rotation>
    <Level>Decoration</Level>
    <Parameters>
      <Parameter>
        <Name>Major Item</Name>
        <Value>PATTY</Value>
      </Parameter>
      <Parameter>
        <Name>Prefab</Name>
        <Value>ItemPickup</Value>
      </Parameter>
      <Parameter>
        <Name>Script</Name>
        <Value>Pickup</Value>
      </Parameter>
      <Parameter>
        <Name>ParticleMaterial</Name>
        <Value>starparticle</Value>
      </Parameter>
    </Parameters>
    <AssetReferences>
      <A188045>Model</A188045>
      <A18691>Texture</A18691>
      <A994143>Sound</A994143>
    </AssetReferences>
  </O301686>
  <O524495>
    <Name>BONUS_ITEM</Name>
    <Package>0</Package>
    <PackId>0</PackId>
    <ItemId>8</ItemId>
    <Dat2>0</Dat2>
    <Color>45,33,220,255</Color>
    <Rotation>NORTH</Rotation>
    <Level>Decoration</Level>
    <Parameters>
      <Parameter>
        <Name>Major Item</Name>
        <Value>BONUS</Value>
      </Parameter>
      <Parameter>
        <Name>Primitive</Name>
        <Value>Ellipse</Value>
      </Parameter>
      <Parameter>
        <Name>uScale</Name>
        <Value>4</Value>
      </Parameter>
      <Parameter>
        <Name>PosY</Name>
        <Value>0.6</Value>
      </Parameter>
      <Parameter>
        <Name>Prefab</Name>
        <Value>ItemPickup</Value>
      </Parameter>
      <Parameter>
        <Name>Script</Name>
        <Value>Pickup</Value>
      </Parameter>
      <Parameter>
        <Name>Material</Name>
        <Value>BonusMaterial</Value>
      </Parameter>
      <Parameter>
        <Name>ParticleMaterial</Name>
        <Value>bubbleparticle</Value>
      </Parameter>
    </Parameters>
    <AssetReferences>
      <A372507>Texture</A372507>
      <A381986>Sound</A381986>
    </AssetReferences>
  </O524495>
  <O161677>
    <Name>WOODEN_BOX</Name>
    <Package>0</Package>
    <PackId>0</PackId>
    <ItemId>9</ItemId>
    <Dat2>0</Dat2>
    <Color>139,69,19,255</Color>
    <Rotation>NORTH</Rotation>
    <Level>Decoration</Level>
    <Parameters>
      <Parameter>
        <Name>Pushable</Name>
        <Value>true</Value>
      </Parameter>
      <Parameter>
        <Name>Prefab</Name>
        <Value>MoveableBox</Value>
      </Parameter>
      <Parameter>
        <Name>FillTexture</Name>
        <Value>0</Value>
      </Parameter>
      <Parameter>
        <Name>AllowMotion</Name>
        <Value>true</Value>
      </Parameter>
      <Parameter>
        <Name>CanDestory</Name>
        <Value>true</Value>
      </Parameter>
      <Parameter>
        <Name>ParticleMaterial</Name>
        <Value>woodparticle</Value>
      </Parameter>
      <Parameter>
        <Name>Particle_BurstCount</Name>
        <Value>20</Value>
      </Parameter>
    </Parameters>
    <AssetReferences>
      <A816019>Texture</A816019>
      <A900021>Sound</A900021>
      <A285245>Sound</A285245>
      <A122131>Sound</A122131>
    </AssetReferences>
  </O161677>
  <O662324>
    <Name>PINEAPPLE?</Name>
    <Package>0</Package>
    <PackId>0</PackId>
    <ItemId>50</ItemId>
    <Dat2>0</Dat2>
    <Color>160,82,45,255</Color>
    <Rotation>NORTH</Rotation>
    <Level>Decoration</Level>
    <Parameters>
      <Parameter>
        <Name>uScale</Name>
        <Value>0.25</Value>
      </Parameter>
    </Parameters>
    <AssetReferences>
      <A976564>Model</A976564>
      <A984841>Texture</A984841>
    </AssetReferences>
  </O662324>
  <O777235>
    <Name>KK_SIGNPOST</Name>
    <Package>0</Package>
    <PackId>0</PackId>
    <ItemId>54</ItemId>
    <Dat2>0</Dat2>
    <Color>211,119,249,255</Color>
    <Rotation>NORTH</Rotation>
    <Level>Decoration</Level>
    <Parameters>
      <Parameter>
        <Name>ScaleX</Name>
        <Value>0.1</Value>
      </Parameter>
      <Parameter>
        <Name>ScaleY</Name>
        <Value>0.1</Value>
      </Parameter>
      <Parameter>
        <Name>ScaleZ</Name>
        <Value>0.1</Value>
      </Parameter>
    </Parameters>
    <AssetReferences>
      <A718991>Model</A718991>
      <A585809>Texture</A585809>
    </AssetReferences>
  </O777235>
  <O42472>
    <Name>KRUSTY_KRAB?</Name>
    <Package>0</Package>
    <PackId>0</PackId>
    <ItemId>53</ItemId>
    <Dat2>0</Dat2>
    <Color>37,235,245,255</Color>
    <Rotation>NORTH</Rotation>
    <Level>Decoration</Level>
    <Parameters>
      <Parameter>
        <Name>uScale</Name>
        <Value>0.3</Value>
      </Parameter>
      <Parameter>
        <Name>ScaleY</Name>
        <Value>0.235</Value>
      </Parameter>
      <Parameter>
        <Name>TransparentColor</Name>
        <Value>0,0,0</Value>
      </Parameter>
    </Parameters>
    <AssetReferences>
      <A810060>Model</A810060>
      <A93494>Texture</A93494>
    </AssetReferences>
  </O42472>
  <O965789>
    <Name>SPONGEBOB_SPAWN</Name>
    <Package>0</Package>
    <PackId>0</PackId>
    <ItemId>1</ItemId>
    <Dat2>0</Dat2>
    <Color>255,255,0,255</Color>
    <Rotation>NORTH</Rotation>
    <Level>Decoration</Level>
    <Parameters>
      <Parameter>
        <Name>Spawnpoint</Name>
        <Value>Spongebob</Value>
      </Parameter>
      <Parameter>
        <Name>Script</Name>
        <Value>Spawnpoint</Value>
      </Parameter>
      <Parameter>
        <Name>ServiceObject</Name>
        <Value>true</Value>
      </Parameter>
      <Parameter>
        <Name>ScaleModel</Name>
        <Value>false</Value>
      </Parameter>
    </Parameters>
    <AssetReferences>
      <A799725>Model</A799725>
      <A425683>Texture</A425683>
      <A613358>Texture</A613358>
      <A350254>Sound</A350254>
    </AssetReferences>
  </O965789>
  <O642030>
    <Name>PATRICK_SPAWN</Name>
    <Package>0</Package>
    <PackId>0</PackId>
    <ItemId>2</ItemId>
    <Dat2>0</Dat2>
    <Color>255,20,147,255</Color>
    <Rotation>NORTH</Rotation>
    <Level>Decoration</Level>
    <Parameters>
      <Parameter>
        <Name>Spawnpoint</Name>
        <Value>Patrick</Value>
      </Parameter>
      <Parameter>
        <Name>Script</Name>
        <Value>Spawnpoint</Value>
      </Parameter>
      <Parameter>
        <Name>ServiceObject</Name>
        <Value>true</Value>
      </Parameter>
    </Parameters>
    <AssetReferences>
      <A163459>Model</A163459>
      <A258059>Texture</A258059>
      <A368286>Texture</A368286>
      <A350254>Sound</A350254>
    </AssetReferences>
  </O642030>
  <O632353>
    <Name>BEACH_BALL</Name>
    <Package>0</Package>
    <PackId>0</PackId>
    <ItemId>13</ItemId>
    <Dat2>0</Dat2>
    <Color>64,224,208,255</Color>
    <Rotation>NORTH</Rotation>
    <Level>Decoration</Level>
    <Parameters>
      <Parameter>
        <Name>Prefab</Name>
        <Value>Beachball</Value>
      </Parameter>
      <Parameter>
        <Name>AllowMotion</Name>
        <Value>true</Value>
      </Parameter>
      <Parameter>
        <Name>CanFloat</Name>
        <Value>true</Value>
      </Parameter>
      <Parameter>
        <Name>Material</Name>
        <Value>BeachballMaterial</Value>
      </Parameter>
    </Parameters>
    <AssetReferences>
      <A650177>Sound</A650177>
      <A426192>Texture</A426192>
      <A890777>Sound</A890777>
    </AssetReferences>
  </O632353>
  <O866812>
    <Name>ROAD_SQUARE</Name>
    <Package>101</Package>
    <PackId>0</PackId>
    <ItemId>0</ItemId>
    <Dat2>0</Dat2>
    <Color>37,30,43,255</Color>
    <Rotation>NORTH</Rotation>
    <Level>Integral</Level>
    <Parameters>
      <Parameter>
        <Name>FLOOR</Name>
        <Value>true</Value>
      </Parameter>
    </Parameters>
    <AssetReferences>
      <A670315>Texture</A670315>
      <A193353>Texture</A193353>
      <A518111>Texture</A518111>
    </AssetReferences>
  </O866812>
  <O107917>
    <Name>ROAD_REG</Name>
    <Package>102</Package>
    <PackId>0</PackId>
    <ItemId>0</ItemId>
    <Dat2>0</Dat2>
    <Color>112,128,144,255</Color>
    <Rotation>NORTH</Rotation>
    <Level>Integral</Level>
    <Parameters>
      <Parameter>
        <Name>FLOOR</Name>
        <Value>true</Value>
      </Parameter>
      <Parameter>
        <Name>Tex_Context_4</Name>
        <Value>2</Value>
      </Parameter>
    </Parameters>
    <AssetReferences>
      <A79802>Texture</A79802>
      <A742152>Texture</A742152>
      <A572195>Texture</A572195>
      <A558610>Texture</A558610>
    </AssetReferences>
  </O107917>
  <O497772>
    <Name>SIGN</Name>
    <Package>0</Package>
    <PackId>0</PackId>
    <ItemId>52</ItemId>
    <Dat2>0</Dat2>
    <Color>160,82,45,255</Color>
    <Rotation>NORTH</Rotation>
    <Level>Decoration</Level>
    <Parameters>
      <Parameter>
        <Name>uScale</Name>
        <Value>2</Value>
      </Parameter>
      <Parameter>
        <Name>Prefab</Name>
        <Value>Signpost</Value>
      </Parameter>
    </Parameters>
    <AssetReferences>
      <A59585>Model</A59585>
      <A138204>Texture</A138204>
    </AssetReferences>
  </O497772>
</root>