﻿<?xml version="1.0" encoding="utf-8"?>
<root>
  <point>
    <LevelFileName>6.lv5</LevelFileName>
    <Position>436.214611872146,639.611872146119</Position>
  </point>
  <point>
    <LevelFileName>7.lv5</LevelFileName>
    <Position>354.360703812317,616.366568914956</Position>
  </point>
  <point>
    <LevelFileName>8.lv5</LevelFileName>
    <Position>349.856304985337,550.302052785924</Position>
  </point>
  <point>
    <LevelFileName>9.lv5</LevelFileName>
    <Position>418.923753665689,482.736070381232</Position>
  </point>
  <point>
    <LevelFileName>10.lv5</LevelFileName>
    <Position>525.527859237537,464.718475073314</Position>
  </point>
  <point>
    <LevelFileName>11.lv5</LevelFileName>
    <Position>596.096774193548,461.715542521994</Position>
  </point>
  <point>
    <LevelFileName>12.lv5</LevelFileName>
    <Position>680.178885630498,473.727272727273</Position>
  </point>
  <point>
    <LevelFileName>13.lv5</LevelFileName>
    <Position>740.237536656891,469.222873900293</Position>
  </point>
  <point>
    <LevelFileName>14.lv5</LevelFileName>
    <Position>711.709677419355,416.671554252199</Position>
  </point>
  <point>
    <LevelFileName>16.lv5</LevelFileName>
    <Position>792.788856304985,356.612903225806</Position>
  </point>
  <point>
    <LevelFileName>17.lv5</LevelFileName>
    <Position>848.343108504399,329.58651026393</Position>
  </point>
  <point>
    <LevelFileName>21.lv5</LevelFileName>
    <Position>941.434017595308,239.49853372434</Position>
  </point>
  <point>
    <LevelFileName>25.lv5</LevelFileName>
    <Position>897.891495601173,153.91495601173</Position>
  </point>
  <point>
    <LevelFileName>27.lv5</LevelFileName>
    <Position>887.381231671554,102.865102639296</Position>
  </point>
  <point>
    <LevelFileName>28.lv5</LevelFileName>
    <Position>926.41935483871,71.3343108504399</Position>
  </point>
  <point>
    <LevelFileName>29.lv5</LevelFileName>
    <Position>960.953079178886,39.8035190615836</Position>
  </point>
  <point>
    <LevelFileName>30.lv5</LevelFileName>
    <Position>887.381231671554,20.2844574780058</Position>
  </point>
  <point>
    <LevelFileName>31.lv5</LevelFileName>
    <Position>840.8357771261,33.7976539589443</Position>
  </point>
  <point>
    <LevelFileName>32.lv5</LevelFileName>
    <Position>794.290322580645,9.77419354838707</Position>
  </point>
  <point>
    <LevelFileName>33.lv5</LevelFileName>
    <Position>773.269794721408,51.8152492668622</Position>
  </point>
  <point>
    <LevelFileName>34.lv5</LevelFileName>
    <Position>743.240469208211,89.3519061583578</Position>
  </point>
  <point>
    <LevelFileName>36.lv5</LevelFileName>
    <Position>674.173020527859,159.92082111437</Position>
  </point>
  <point>
    <LevelFileName>37.lv5</LevelFileName>
    <Position>617.117302052786,156.91788856305</Position>
  </point>
  <point>
    <LevelFileName>38.lv5</LevelFileName>
    <Position>579.58064516129,141.903225806452</Position>
  </point>
  <point>
    <LevelFileName>39.lv5</LevelFileName>
    <Position>539.041055718475,120.882697947214</Position>
  </point>
  <point>
    <LevelFileName>40.lv5</LevelFileName>
    <Position>487.991202346041,95.3577712609971</Position>
  </point>
  <point>
    <LevelFileName>41.lv5</LevelFileName>
    <Position>441.445747800587,125.387096774194</Position>
  </point>
  <point>
    <LevelFileName>42.lv5</LevelFileName>
    <Position>396.401759530792,150.912023460411</Position>
  </point>
  <point>
    <LevelFileName>43.lv5</LevelFileName>
    <Position>357.363636363636,182.442815249267</Position>
  </point>
  <point>
    <LevelFileName>44.lv5</LevelFileName>
    <Position>301.809384164223,173.434017595308</Position>
  </point>
  <point>
    <LevelFileName>46.lv5</LevelFileName>
    <Position>250.759530791789,266.524926686217</Position>
  </point>
  <point>
    <LevelFileName>47.lv5</LevelFileName>
    <Position>199.709677419355,275.533724340176</Position>
  </point>
  <point>
    <LevelFileName>48.lv5</LevelFileName>
    <Position>181.692082111437,228.988269794721</Position>
  </point>
  <point>
    <LevelFileName>49.lv5</LevelFileName>
    <Position>150.161290322581,195.956011730205</Position>
  </point>
  <point>
    <LevelFileName>50.lv5</LevelFileName>
    <Position>135.146627565982,155.41642228739</Position>
  </point>
  <point>
    <LevelFileName>51.lv5</LevelFileName>
    <Position>93.1055718475073,137.398826979472</Position>
  </point>
  <point>
    <LevelFileName>60.lv5</LevelFileName>
    <Position>52.5659824046921,530.782991202346</Position>
  </point>
  <point>
    <LevelFileName>14b.lv5</LevelFileName>
    <Position>193.703812316716,449.703812316716</Position>
  </point>
  <point>
    <LevelFileName>2old.lv5</LevelFileName>
    <Position>163.674486803519,491.744868035191</Position>
  </point>
  <point>
    <LevelFileName>later1.lv5</LevelFileName>
    <Position>222.231671554252,490.243401759531</Position>
  </point>
  <point>
    <LevelFileName>test.lv5</LevelFileName>
    <Position>193.703812316716,535.287390029325</Position>
  </point>
  <point>
    <LevelFileName>1.lv5</LevelFileName>
    <Position>733.127853881279,696.890410958904</Position>
  </point>
  <point>
    <LevelFileName>4.lv5</LevelFileName>
    <Position>561.292237442922,681.694063926941</Position>
  </point>
  <point>
    <LevelFileName>5.lv5</LevelFileName>
    <Position>507.520547945206,655.977168949772</Position>
  </point>
  <point>
    <LevelFileName>3.lv5</LevelFileName>
    <Position>618.570776255708,661.821917808219</Position>
  </point>
  <point>
    <LevelFileName>2.lv5</LevelFileName>
    <Position>667.666666666667,699.228310502283</Position>
  </point>
  <point>
    <LevelFileName>35.lv5</LevelFileName>
    <Position>710.917808219178,125.27397260274</Position>
  </point>
  <point>
    <LevelFileName>26.lv5</LevelFileName>
    <Position>940.03196347032,126.442922374429</Position>
  </point>
  <point>
    <LevelFileName>18.lv5</LevelFileName>
    <Position>882.753424657534,292.433789954338</Position>
  </point>
  <point>
    <LevelFileName>20.lv5</LevelFileName>
    <Position>971.593607305936,270.223744292237</Position>
  </point>
  <point>
    <LevelFileName>19.lv5</LevelFileName>
    <Position>936.525114155251,313.474885844749</Position>
  </point>
  <point>
    <LevelFileName>22.lv5</LevelFileName>
    <Position>899.118721461187,237.493150684932</Position>
  </point>
  <point>
    <LevelFileName>23.lv5</LevelFileName>
    <Position>867.557077625571,215.283105022831</Position>
  </point>
  <point>
    <LevelFileName>24.lv5</LevelFileName>
    <Position>883.922374429224,183.721461187215</Position>
  </point>
  <point>
    <LevelFileName>15.lv5</LevelFileName>
    <Position>729.62100456621,367.246575342466</Position>
  </point>
  <point>
    <LevelFileName>45.lv5</LevelFileName>
    <Position>288.926940639269,225.803652968037</Position>
  </point>
  <point>
    <LevelFileName>59.lv5</LevelFileName>
    <Position>42.2785388127854,428.03196347032</Position>
  </point>
  <point>
    <LevelFileName>58.lv5</LevelFileName>
    <Position>43.4474885844749,380.10502283105</Position>
  </point>
  <point>
    <LevelFileName>57.lv5</LevelFileName>
    <Position>58.6438356164384,332.178082191781</Position>
  </point>
  <point>
    <LevelFileName>56.lv5</LevelFileName>
    <Position>51.6301369863014,291.264840182648</Position>
  </point>
  <point>
    <LevelFileName>55.lv5</LevelFileName>
    <Position>55.1369863013699,250.351598173516</Position>
  </point>
  <point>
    <LevelFileName>54.lv5</LevelFileName>
    <Position>48.1232876712329,215.283105022831</Position>
  </point>
  <point>
    <LevelFileName>53.lv5</LevelFileName>
    <Position>44.6164383561644,179.045662100457</Position>
  </point>
  <point>
    <LevelFileName>52.lv5</LevelFileName>
    <Position>53.9680365296804,140.470319634703</Position>
  </point>
</root>