﻿<?xml version="1.0" encoding="utf-8"?>
<root>
  <A891861>
    <FilePath>Graphics\floorroadrock.jpg</FilePath>
    <Name>floorroadrock</Name>
    <AssetType>Texture</AssetType>
    <References>O586289</References>
  </A891861>
  <A180541>
    <FilePath>Graphics\wallsandtop.jpg</FilePath>
    <Name>wallsandtop</Name>
    <AssetType>Texture</AssetType>
    <References>O219432,O106005,O285390</References>
  </A180541>
  <A304393>
    <FilePath>Graphics\wallsanddark.jpg</FilePath>
    <Name>wallsanddark</Name>
    <AssetType>Texture</AssetType>
    <References>O219432,O106005,O285390</References>
  </A304393>
  <A368615>
    <FilePath>Graphics\conveyor.bmp</FilePath>
    <Name>conveyor</Name>
    <AssetType>Texture</AssetType>
    <References>O418897,O307691,O492444,O424919</References>
  </A368615>
  <A188045>
    <FilePath>Export\krabbypattie01.glb</FilePath>
    <Name>Krabby Patty Model</Name>
    <AssetType>Model</AssetType>
    <References>O301686</References>
  </A188045>
  <A18691>
    <FilePath>Graphics\krabbypattie01.png</FilePath>
    <Name>krabbypattie01</Name>
    <AssetType>Texture</AssetType>
    <References>O301686</References>
  </A18691>
  <A273556>
    <FilePath>Graphics\flower.bmp</FilePath>
    <Name>flower</Name>
    <AssetType>Texture</AssetType>
    <References>O31249</References>
  </A273556>
  <A690845>
    <FilePath>Export\flower.glb</FilePath>
    <Name>Flower Model</Name>
    <AssetType>Model</AssetType>
    <References>O31249</References>
  </A690845>
  <A816019>
    <FilePath>Graphics\woodbox.bmp</FilePath>
    <Name>woodbox</Name>
    <AssetType>Texture</AssetType>
    <References>O161677</References>
  </A816019>
  <A450690>
    <FilePath>Export\kelptree01.glb</FilePath>
    <Name>KelpTree Model</Name>
    <AssetType>Model</AssetType>
    <References>O890634</References>
  </A450690>
  <A562661>
    <FilePath>Graphics\kelptree01.png</FilePath>
    <Name>kelptree01</Name>
    <AssetType>Texture</AssetType>
    <References>O890634</References>
  </A562661>
  <A59585>
    <FilePath>Export\sign.glb</FilePath>
    <Name>Sign Model</Name>
    <AssetType>Model</AssetType>
    <References>O497772</References>
  </A59585>
  <A138204>
    <FilePath>Graphics\sign.bmp</FilePath>
    <Name>sign</Name>
    <AssetType>Texture</AssetType>
    <References>O497772</References>
  </A138204>
  <A167974>
    <FilePath>Export\rock.glb</FilePath>
    <Name>Rock Model</Name>
    <AssetType>Model</AssetType>
    <References>O279038</References>
  </A167974>
  <A140613>
    <FilePath>Graphics\rock.jpg</FilePath>
    <Name>rock</Name>
    <AssetType>Texture</AssetType>
    <References>O279038</References>
  </A140613>
  <A718991>
    <FilePath>Export\krustykrab_sign01.glb</FilePath>
    <Name>KKSign Model</Name>
    <AssetType>Model</AssetType>
    <References>O777235</References>
  </A718991>
  <A585809>
    <FilePath>Graphics\krustykrab_sign01.png</FilePath>
    <Name>krustykrab_sign01</Name>
    <AssetType>Texture</AssetType>
    <References>O777235</References>
  </A585809>
  <A644606>
    <FilePath>Export\roadblock.glb</FilePath>
    <Name>Roadblock Model</Name>
    <AssetType>Model</AssetType>
    <References>O359038,O621798</References>
  </A644606>
  <A344421>
    <FilePath>Graphics\roadblock.jpg</FilePath>
    <Name>roadblock</Name>
    <AssetType>Texture</AssetType>
    <References>O359038,O621798</References>
  </A344421>
  <A810060>
    <FilePath>Export\krustykrab01.glb</FilePath>
    <Name>KK Model</Name>
    <AssetType>Model</AssetType>
    <References>O42472</References>
  </A810060>
  <A93494>
    <FilePath>Graphics\krustykrab01.png</FilePath>
    <Name>krustykrab01</Name>
    <AssetType>Texture</AssetType>
    <References>O42472</References>
  </A93494>
  <A79802>
    <FilePath>Graphics\floorroad.jpg</FilePath>
    <Name>floorroad</Name>
    <AssetType>Texture</AssetType>
    <References>O107917,O62616</References>
  </A79802>
  <A537039>
    <FilePath>Export\seaweedgate.glb</FilePath>
    <Name>Gate Model</Name>
    <AssetType>Model</AssetType>
    <References>O753210,O42421,O283463,O159161,O910101,O521016,O555624,O571112,O123245,O931189,O788048,O326900,O722153,O89268</References>
  </A537039>
  <A985720>
    <FilePath>Graphics\gate3.jpg</FilePath>
    <Name>gate3</Name>
    <AssetType>Texture</AssetType>
    <References>O753210,O931189</References>
  </A985720>
  <A265537>
    <FilePath>Graphics\gate4.jpg</FilePath>
    <Name>gate4</Name>
    <AssetType>Texture</AssetType>
    <References>O123245,O910101</References>
  </A265537>
  <A787057>
    <FilePath>Graphics\gate2.jpg</FilePath>
    <Name>gate2</Name>
    <AssetType>Texture</AssetType>
    <References>O788048,O555624</References>
  </A787057>
  <A703745>
    <FilePath>Graphics\gate5.jpg</FilePath>
    <Name>gate5</Name>
    <AssetType>Texture</AssetType>
    <References>O571112,O326900</References>
  </A703745>
  <A477914>
    <FilePath>Graphics\gate6.jpg</FilePath>
    <Name>gate6</Name>
    <AssetType>Texture</AssetType>
    <References>O159161,O283463</References>
  </A477914>
  <A814012>
    <FilePath>Graphics\gate7.jpg</FilePath>
    <Name>gate7</Name>
    <AssetType>Texture</AssetType>
    <References>O722153,O89268</References>
  </A814012>
  <A396071>
    <FilePath>Graphics\gate1.jpg</FilePath>
    <Name>Purple Gate</Name>
    <AssetType>Texture</AssetType>
    <References>O521016,O42421</References>
  </A396071>
  <A670315>
    <FilePath>Graphics\floorsandstep.jpg</FilePath>
    <Name>floorsandstep</Name>
    <AssetType>Texture</AssetType>
    <References>O866812</References>
  </A670315>
  <A976564>
    <FilePath>Export\building_pineapple01.glb</FilePath>
    <Name>Pineapple Model</Name>
    <AssetType>Model</AssetType>
    <References>O662324</References>
  </A976564>
  <A984841>
    <FilePath>Graphics\building_pineapple01.png</FilePath>
    <Name>building_pineapple01</Name>
    <AssetType>Texture</AssetType>
    <References>O662324</References>
  </A984841>
  <A190480>
    <FilePath>Export\patricksrock.glb</FilePath>
    <Name>Patrick House Model</Name>
    <AssetType>Model</AssetType>
    <References>O304277</References>
  </A190480>
  <A293760>
    <FilePath>Graphics\patricksrock.jpg</FilePath>
    <Name>patricksrock</Name>
    <AssetType>Texture</AssetType>
    <References>O304277</References>
  </A293760>
  <A720273>
    <FilePath>Graphics\cactus.jpg</FilePath>
    <Name>cactus</Name>
    <AssetType>Texture</AssetType>
    <References>O204570</References>
  </A720273>
  <A372507>
    <FilePath>Graphics\rainbow.jpg</FilePath>
    <Name>rainbow</Name>
    <AssetType>Texture</AssetType>
    <References>O524495</References>
  </A372507>
  <A197336>
    <FilePath>Export\cactus.glb</FilePath>
    <Name>Coral Model</Name>
    <AssetType>Model</AssetType>
    <References>O204570</References>
  </A197336>
  <A799725>
    <FilePath>Export\spongebob_anims01.glb</FilePath>
    <Name>Spongebob Model</Name>
    <AssetType>Model</AssetType>
    <References>O965789</References>
  </A799725>
  <A425683>
    <FilePath>Graphics\spongebob01.png</FilePath>
    <Name>spongebob eyes open</Name>
    <AssetType>Texture</AssetType>
    <References>O965789</References>
  </A425683>
  <A613358>
    <FilePath>Graphics\spongebob01-closedeye.png</FilePath>
    <Name>spongebob eyes closed</Name>
    <AssetType>Texture</AssetType>
    <References>O965789</References>
  </A613358>
  <A163459>
    <FilePath>Export\patrick_anims01.glb</FilePath>
    <Name>Patrick Model</Name>
    <AssetType>Model</AssetType>
    <References>O642030</References>
  </A163459>
  <A258059>
    <FilePath>Graphics\patrick01.png</FilePath>
    <Name>patrick eyes open</Name>
    <AssetType>Texture</AssetType>
    <References>O642030</References>
  </A258059>
  <A368286>
    <FilePath>Graphics\patrick01-closedeye.png</FilePath>
    <Name>patrick closed eyes</Name>
    <AssetType>Texture</AssetType>
    <References>O642030</References>
  </A368286>
  <A50306>
    <FilePath>Graphics\wallredlight2.jpg</FilePath>
    <Name>Bikini Water Texture</Name>
    <AssetType>Texture</AssetType>
    <References>O842172</References>
  </A50306>
  <A719401>
    <FilePath>Graphics\steelbox.bmp</FilePath>
    <Name>steelbox</Name>
    <AssetType>Texture</AssetType>
    <References>O985647</References>
  </A719401>
  <A372823>
    <FilePath>Graphics\bridge.jpg</FilePath>
    <Name>bridge</Name>
    <AssetType>Texture</AssetType>
    <References>O542113</References>
  </A372823>
  <A933026>
    <FilePath>Graphics\wallbeachtop.jpg</FilePath>
    <Name>wallbeachtop</Name>
    <AssetType>Texture</AssetType>
    <References>O219432,O106005,O285390</References>
  </A933026>
  <A269924>
    <FilePath>Graphics\wallbeachlight.jpg</FilePath>
    <Name>wallbeachlight</Name>
    <AssetType>Texture</AssetType>
    <References>O219432,O106005,O285390</References>
  </A269924>
  <A63238>
    <FilePath>Graphics\floorbeach.jpg</FilePath>
    <Name>floorbeach</Name>
    <AssetType>Texture</AssetType>
    <References>O704805,O704805</References>
  </A63238>
  <A675322>
    <FilePath>Graphics\floorsand.jpg</FilePath>
    <Name>floorsand</Name>
    <AssetType>Texture</AssetType>
    <References>O83202</References>
  </A675322>
  <A500911>
    <FilePath>Export\bamboo.glb</FilePath>
    <Name>Fence Model</Name>
    <AssetType>Model</AssetType>
    <References>O124554</References>
  </A500911>
  <A644473>
    <FilePath>Graphics\bamboo.jpg</FilePath>
    <Name>bamboo</Name>
    <AssetType>Texture</AssetType>
    <References>O124554</References>
  </A644473>
  <A519435>
    <FilePath>Graphics\tentacle_spike01.png</FilePath>
    <Name>tentacle_spike01</Name>
    <AssetType>Texture</AssetType>
    <References>O170254,O245554,O714060,O844664</References>
  </A519435>
  <A381986>
    <FilePath>sound\sb-bonus.wav</FilePath>
    <Name>sb-bonus</Name>
    <AssetType>Sound</AssetType>
    <References>O524495</References>
  </A381986>
  <A650177>
    <FilePath>sound\sb-pop.wav</FilePath>
    <Name>sb-pop</Name>
    <AssetType>Sound</AssetType>
    <References>O632353</References>
  </A650177>
  <A994143>
    <FilePath>sound\sb-pattie.wav</FilePath>
    <Name>sb-pattie</Name>
    <AssetType>Sound</AssetType>
    <References>O301686</References>
  </A994143>
  <A805680>
    <FilePath>sound\sb-convey.wav</FilePath>
    <Name>sb-convey</Name>
    <AssetType>Sound</AssetType>
    <References>O492444,O307691,O418897,O424919</References>
  </A805680>
  <A285245>
    <FilePath>sound\sb-boxpush.wav</FilePath>
    <Name>sb-boxpush</Name>
    <AssetType>Sound</AssetType>
    <References>O985647,O161677</References>
  </A285245>
  <A186068>
    <FilePath>sound\sb-tentacle.wav</FilePath>
    <Name>sb-tentacle</Name>
    <AssetType>Sound</AssetType>
    <References>O170254,O245554,O714060,O844664</References>
  </A186068>
  <A900021>
    <FilePath>sound\sb-splosh.wav</FilePath>
    <Name>sb-splosh</Name>
    <AssetType>Sound</AssetType>
    <References>O842172,O83202</References>
  </A900021>
  <A426192>
    <FilePath>Graphics\beachball.bmp</FilePath>
    <Name>beachball_hq</Name>
    <AssetType>Texture</AssetType>
    <References>O632353</References>
  </A426192>
  <A360141>
    <FilePath>Export\umbrella.glb</FilePath>
    <Name>umbrella model</Name>
    <AssetType>Model</AssetType>
    <References>O901770</References>
  </A360141>
  <A909642>
    <FilePath>Graphics\umbrella.jpg</FilePath>
    <Name>umbrella</Name>
    <AssetType>Texture</AssetType>
    <References>O901770</References>
  </A909642>
  <A890777>
    <FilePath>sound\sb-menumove.wav</FilePath>
    <Name>sb-menumove</Name>
    <AssetType>Sound</AssetType>
    <References>O632353</References>
  </A890777>
  <A193353>
    <FilePath>Graphics\floorbeachblanket1.jpg</FilePath>
    <Name>floorbeachblanket1</Name>
    <AssetType>Texture</AssetType>
    <References>O866812</References>
  </A193353>
  <A742152>
    <FilePath>Graphics\floorbeachblanket2.jpg</FilePath>
    <Name>floorbeachblanket2</Name>
    <AssetType>Texture</AssetType>
    <References>O107917</References>
  </A742152>
  <A84407>
    <FilePath>Graphics\wallsandredlight.jpg</FilePath>
    <Name>Jellyfish Wall</Name>
    <AssetType>Texture</AssetType>
    <References>O219432,O106005,O285390</References>
  </A84407>
  <A548980>
    <FilePath>Graphics\wallredtop.jpg</FilePath>
    <Name>Jellyfish Top</Name>
    <AssetType>Texture</AssetType>
    <References>O219432,O106005,O285390</References>
  </A548980>
  <A188410>
    <FilePath>Graphics\floorgreen.jpg</FilePath>
    <Name>floorgreen</Name>
    <AssetType>Texture</AssetType>
    <References>O704805</References>
  </A188410>
  <A582872>
    <FilePath>Graphics\floorsandrock.jpg</FilePath>
    <Name>floorsandrock</Name>
    <AssetType>Texture</AssetType>
    <References>O586289</References>
  </A582872>
  <A736809>
    <FilePath>Export\jellyfish01.glb</FilePath>
    <Name>jellyfish model</Name>
    <AssetType>Model</AssetType>
    <References>O556221</References>
  </A736809>
  <A861361>
    <FilePath>Graphics\jellyfish01.png</FilePath>
    <Name>jellyfish texture</Name>
    <AssetType>Texture</AssetType>
    <References>O556221</References>
  </A861361>
  <A79677>
    <FilePath>Graphics\floorgreendark.jpg</FilePath>
    <Name>floorgreendark</Name>
    <AssetType>Texture</AssetType>
    <References>O704805</References>
  </A79677>
  <A617411>
    <FilePath>Graphics\wallgreenlight.jpg</FilePath>
    <Name>wallgreenlight</Name>
    <AssetType>Texture</AssetType>
    <References>O219432,O106005,O285390</References>
  </A617411>
  <A772976>
    <FilePath>Graphics\wallgreentop.jpg</FilePath>
    <Name>wallgreentop</Name>
    <AssetType>Texture</AssetType>
    <References>O219432,O106005,O285390</References>
  </A772976>
  <A923829>
    <FilePath>Graphics\wallbluelight.jpg</FilePath>
    <Name>wallbluelight</Name>
    <AssetType>Texture</AssetType>
    <References>O219432,O106005,O285390</References>
  </A923829>
  <A49051>
    <FilePath>Graphics\wallbluetop.jpg</FilePath>
    <Name>wallbluetop</Name>
    <AssetType>Texture</AssetType>
    <References>O219432,O106005,O285390</References>
  </A49051>
  <A77153>
    <FilePath>Graphics\floorblue.jpg</FilePath>
    <Name>floorblue</Name>
    <AssetType>Texture</AssetType>
    <References>O704805</References>
  </A77153>
  <A977911>
    <FilePath>Export\house_basic01_blue.glb</FilePath>
    <Name>Blue House</Name>
    <AssetType>Model</AssetType>
    <References>O885792</References>
  </A977911>
  <A461140>
    <FilePath>Export\house_basic01_red.glb</FilePath>
    <Name>Red House</Name>
    <AssetType>Model</AssetType>
    <References>O790415</References>
  </A461140>
  <A530309>
    <FilePath>Export\house_basic01_yellow.glb</FilePath>
    <Name>Yellow House</Name>
    <AssetType>Model</AssetType>
    <References>O11037</References>
  </A530309>
  <A517043>
    <FilePath>Graphics\house_basic01_yellow.png</FilePath>
    <Name>house_basic01_yellow</Name>
    <AssetType>Texture</AssetType>
    <References>O11037</References>
  </A517043>
  <A422813>
    <FilePath>Graphics\house_basic01_red.png</FilePath>
    <Name>house_basic01_red</Name>
    <AssetType>Texture</AssetType>
    <References>O790415</References>
  </A422813>
  <A894790>
    <FilePath>Graphics\house_basic01_blue.png</FilePath>
    <Name>house_basic01_blue</Name>
    <AssetType>Texture</AssetType>
    <References>O885792</References>
  </A894790>
  <A122131>
    <FilePath>sound\sb-boxexplo.wav</FilePath>
    <Name>sb-boxexplo</Name>
    <AssetType>Sound</AssetType>
    <References>O161677</References>
  </A122131>
  <A867523>
    <FilePath>sound\sb-button.wav</FilePath>
    <Name>sb-button</Name>
    <AssetType>Sound</AssetType>
    <References>O319375,O374697,O395001,O775265,O824671,O649974,O927556,O356167,O472611,O990960,O536395,O828136,O339486,O588452,O201429</References>
  </A867523>
  <A25181>
    <FilePath>sound\sb-breakaway.wav</FilePath>
    <Name>sb-breakaway</Name>
    <AssetType>Sound</AssetType>
    <References>O842172,O83202,O542113</References>
  </A25181>
  <A94528>
    <FilePath>Export\tentacle_both01.glb</FilePath>
    <Name>Tentacle</Name>
    <AssetType>Model</AssetType>
    <References>O535007,O626792,O765532,O569598,O191464,O576020,O505340,O313190,O170254,O245554,O714060,O844664,O503264,O614014,O950193,O911855,O419663,O902073,O531040,O672115</References>
  </A94528>
  <A704444>
    <FilePath>Graphics\tentacle_cannon01.png</FilePath>
    <Name>tentacle_cannon01</Name>
    <AssetType>Texture</AssetType>
    <References>O535007,O626792,O765532,O569598,O191464,O576020,O505340,O313190,O614014,O503264,O950193,O911855,O419663,O902073,O531040,O672115</References>
  </A704444>
  <A440017>
    <FilePath>sound\sb-tentacle2.wav</FilePath>
    <Name>sb-tentaclethrow</Name>
    <AssetType>Sound</AssetType>
    <References>O535007,O626792,O765532,O569598,O191464,O576020,O505340,O313190,O614014,O503264,O950193,O911855,O419663,O902073,O531040,O672115</References>
  </A440017>
  <A269941>
    <FilePath>Graphics\ice.jpg</FilePath>
    <Name>ice</Name>
    <AssetType>Texture</AssetType>
    <References>O254939</References>
  </A269941>
  <A28148>
    <FilePath>sound\sb-ice.wav</FilePath>
    <Name>sb-ice</Name>
    <AssetType>Sound</AssetType>
    <References>O254939</References>
  </A28148>
  <A429073>
    <FilePath>Graphics\bully01.png</FilePath>
    <Name>bully01</Name>
    <AssetType>Texture</AssetType>
    <References>O881279,O427502,O441458,O744745,O302390</References>
  </A429073>
  <A301051>
    <FilePath>Export\bully01.glb</FilePath>
    <Name>Bully</Name>
    <AssetType>Model</AssetType>
    <References>O441458,O881279,O302390,O427502,O744745</References>
  </A301051>
  <A373796>
    <FilePath>sound\sb-bully.wav</FilePath>
    <Name>sb-bully</Name>
    <AssetType>Sound</AssetType>
    <References>O302390,O881279,O427502,O441458,O744745</References>
  </A373796>
  <A297679>
    <FilePath>sound\sb-bullyx.wav</FilePath>
    <Name>sb-bullyx</Name>
    <AssetType>Sound</AssetType>
    <References>O302390,O881279,O427502,O441458,O744745</References>
  </A297679>
  <A988552>
    <FilePath>Graphics\floorblue4.jpg</FilePath>
    <Name>floorblue4</Name>
    <AssetType>Texture</AssetType>
    <References>O586289</References>
  </A988552>
  <A572195>
    <FilePath>Graphics\floorblue3.jpg</FilePath>
    <Name>floorblue3</Name>
    <AssetType>Texture</AssetType>
    <References>O107917</References>
  </A572195>
  <A350254>
    <FilePath>sound\teleport.wav</FilePath>
    <Name>teleport</Name>
    <AssetType>Sound</AssetType>
    <References>O965789,O642030</References>
  </A350254>
  <WorkspaceDirectory>D:\Projects\Krabby Quest\Workspace</WorkspaceDirectory>
  <A518111>
    <FilePath>Graphics\floorgreendarker.jpg</FilePath>
    <Name>floorgreendarker</Name>
    <AssetType>Texture</AssetType>
    <References>O866812</References>
  </A518111>
  <A558610>
    <FilePath>Graphics\floorgreendarkest.jpg</FilePath>
    <Name>floorgreendarkest</Name>
    <AssetType>Texture</AssetType>
    <References>O107917</References>
  </A558610>
</root>